id,block,model,method,trial_id,task_trial_id,luminance,pupilDiameter,pupil_lum_base,adj_pupil,total_time,target_source,creation_method,IPA,discomfort,seq,scaled_tepr,scaled_ipa,scaled_time,scaled_seq,scaled_discomfort
108,0,0,0,3,7.0,0.2243562489748001,4.866457939147949,3.8315773010253906,1.0348811149597168,37.0822,1,2,0.24284615695956613,2,0,1.9794886774344802,1.2615707252651818,-1.0767430692542326,-0.77705717797081,-0.20132792781161168
108,0,0,1,1,5.0,0.22551143169403076,4.359482765197754,3.82914662361145,0.5303362011909485,61.0043,2,3,0.09838936607731437,1,0,0.24231957014418398,-1.3422820885728721,-0.22421539105280583,-0.77705717797081,-0.5954769695836403
108,0,1,0,2,6.0,0.24223928153514862,4.650882720947266,3.771303176879883,0.8795796632766724,67.7005,1,2,0.14775675691649381,1,0,1.4447793248697585,-0.4524283214819288,0.014421511174523626,-0.77705717797081,-0.5954769695836403
108,0,1,1,3,7.0,0.256184846162796,4.437137126922607,3.7466788291931152,0.6904584169387817,96.4316,2,3,0.19707601429319727,1,0,0.7936270137377734,0.4365578335643164,1.0383306987112788,-0.77705717797081,-0.5954769695836403
108,0,2,0,0,4.0,0.22350488603115082,4.658904075622559,3.852900266647339,0.8060040473937988,88.0356,1,2,0.22723631781725884,1,1,1.1914554215390005,0.9802013045130138,0.7391169011692913,0.3906287435204613,-0.5954769695836403
108,0,2,1,2,6.0,0.20634740591049194,4.892882823944092,3.900495767593384,0.9923869967460632,65.4248,2,3,0.15289841887745037,2,0,1.8331796623442356,-0.3597491827368793,-0.06667911282098628,-0.77705717797081,-0.20132792781161168
108,0,3,0,1,5.0,0.19597695767879486,5.205173015594482,3.936819314956665,1.2683532238006592,97.341,1,2,0.10275422422615794,2,1,2.7833428514124967,-1.263604941562633,1.0707395871682441,0.3906287435204613,-0.20132792781161168
108,0,3,1,0,4.0,0.22378265857696533,4.837308406829834,3.8289482593536377,1.008360505104065,69.0327,2,3,0.1738850706625456,1,0,1.8881771154892713,0.018537998986562786,0.06189800249008292,-0.77705717797081,-0.5954769695836403
109,1,0,0,0,4.0,0.24427944421768188,3.273621082305908,2.8609535694122314,0.4126676917076111,29.7078,1,3,0.10634790654145973,0,0,-0.16281799837965533,-1.198828341227063,-1.3395494328313686,-0.77705717797081,-0.9896260113556687
109,1,0,1,1,5.0,0.24046878516674042,3.1067075729370117,2.864626407623291,0.2420806884765625,67.6885,2,2,0.14777946574767542,0,0,-0.7501561402006999,-0.45201899178818394,0.013993859248546497,-0.77705717797081,-0.9896260113556687
109,1,1,0,1,5.0,0.22736352682113647,3.1282427310943604,2.89433217048645,0.2339106947183609,41.9572,1,3,0.14307720923134154,0,0,-0.7782857682599509,-0.5367777891189685,-0.90300947432603,-0.77705717797081,-0.9896260113556687
109,1,1,1,3,7.0,0.2411663681268692,3.1910502910614014,2.8686747550964355,0.32237571477890015,94.1328,2,2,0.10625795606446033,0,0,-0.4736970275330636,-1.2004497105044125,0.956406844758263,-0.77705717797081,-0.9896260113556687
109,1,2,0,3,7.0,0.22572214901447296,3.212181568145752,2.898765802383423,0.3134157359600067,45.5113,1,3,0.15388640105873844,0,1,-0.504546606988522,-0.3419406728907364,-0.7763496651497583,0.3906287435204613,-0.9896260113556687
109,1,2,1,2,6.0,0.21885229647159576,3.3642096519470215,2.9084651470184326,0.4557444751262665,62.5584,2,2,0.09594350846221744,0,0,-0.014502842772679615,-1.3863689964601484,-0.1688309028727198,-0.77705717797081,-0.9896260113556687
109,1,3,0,2,6.0,0.2229730635881424,3.058166265487671,2.8960580825805664,0.16210836172103882,48.5321,1,3,0.1889954263106833,0,0,-1.025504184917072,0.2909041635136962,-0.6686954203171194,-0.77705717797081,-0.9896260113556687
109,1,3,1,0,4.0,0.22208966314792633,3.1156229972839355,2.895998239517212,0.21962511539459229,50.1868,2,2,0.09966949595142507,0,0,-0.8274716115887951,-1.319207577818315,-0.6097257834909252,-0.77705717797081,-0.9896260113556687
110,2,0,0,0,4.0,0.23430122435092926,3.434352397918701,2.82511830329895,0.6092342734336853,60.8377,2,2,0.1808752388375313,5,1,0.5139689119263793,0.1445367073925512,-0.23015262529178818,0.3906287435204613,0.981119197504474
110,2,0,1,2,6.0,0.2449798285961151,3.327956199645996,2.806455373764038,0.521500825881958,47.5109,1,3,0.1474022459890796,6,0,0.21189900575191678,-0.4588184279646087,-0.7050885992177718,-0.77705717797081,1.3752682392765025
110,2,1,0,1,5.0,0.23333394527435303,3.5409440994262695,2.8637166023254395,0.677227258682251,76.1525,2,2,0.1050835479883725,5,0,0.748071585965791,-1.221618571828544,0.31563101770440427,-0.77705717797081,0.981119197504474
110,2,1,1,0,4.0,0.26985815167427063,3.499812126159668,2.7942934036254883,0.7055187821388245,39.7813,1,3,0.12575895529520656,5,0,0.8454804770391877,-0.8489416131037042,-0.9805534598038301,-0.77705717797081,0.981119197504474
110,2,2,0,3,7.0,0.21515882015228271,3.716290235519409,2.850803852081299,0.8654860854148865,71.3101,2,2,0.14027547297382598,5,0,1.396254550554215,-0.587279456733269,0.14305921050843956,-0.77705717797081,0.981119197504474
110,2,2,1,1,5.0,0.2229788899421692,3.3459110260009766,2.838766098022461,0.5071447491645813,50.7543,1,3,0.179725020718301,5,0,0.16247043696696664,0.12380387324890345,-0.5895014111582575,-0.77705717797081,0.981119197504474
110,2,3,0,2,6.0,0.22288857400417328,3.4908463954925537,2.8352818489074707,0.6555644273757935,43.3452,2,2,0.1384900887259835,5,0,0.6734855574576021,-0.6194612445823159,-0.8535444015546773,-0.77705717797081,0.981119197504474
110,2,3,1,3,7.0,0.21786855161190033,3.4624667167663574,2.8418684005737305,0.6205980181694031,42.423,1,3,0.11801108832185873,6,0,0.5530947573353943,-0.988597942837894,-0.8864094520660183,-0.77705717797081,1.3752682392765025
111,3,0,0,3,7.0,0.23763875663280487,3.369537353515625,3.0752322673797607,0.2943052351474762,46.2118,2,3,0.30769636522679417,0,0,-0.5703448555297586,2.4305043298628735,-0.7513854839708444,-0.77705717797081,-0.9896260113556687
111,3,0,1,2,6.0,0.22607547044754028,3.6969101428985596,3.0837576389312744,0.6131526231765747,43.1012,1,2,0.30177186511261894,2,0,0.5274599529400756,2.323714429584296,-0.8622399907162118,-0.77705717797081,-0.20132792781161168
111,3,1,0,2,6.0,0.2793109714984894,3.46063232421875,3.059471607208252,0.40116047859191895,55.2735,2,3,0.23528772974489381,0,0,-0.20243781138355266,1.1253290723050462,-0.42844769583527637,-0.77705717797081,-0.9896260113556687
111,3,1,1,0,4.0,0.23421375453472137,3.795135974884033,3.085141897201538,0.7099944353103638,46.999199,1,2,0.2341516579001705,4,1,0.860890336919585,1.1048512266354977,-0.7233244257323065,0.3906287435204613,0.5869701557324454
111,3,2,0,0,4.0,0.21674256026744843,3.689967632293701,3.0895698070526123,0.6003977656364441,45.7672,2,3,0.22069744807540792,2,0,0.48354444832999793,0.8623373102164957,-0.7672299878282962,-0.77705717797081,-0.20132792781161168
111,3,2,1,1,5.0,0.2150219827890396,3.8383474349975586,3.1173770427703857,0.7209700345993042,53.8316,1,2,0.27881766440018885,1,0,0.8986797814237919,1.9099619175048659,-0.4798336385074763,-0.77705717797081,-0.5954769695836403
111,3,3,0,1,5.0,0.23313355445861816,3.5700254440307617,3.076359987258911,0.49366557598114014,43.591,2,3,0.11476286549103587,1,0,0.11606108349398506,-1.0471475901501153,-0.8447846646042458,-0.77705717797081,-0.5954769695836403
111,3,3,1,3,7.0,0.2003871351480484,3.837322473526001,3.107332706451416,0.7299903035163879,46.0938,1,2,0.17368725005319172,1,0,0.9297369421930116,0.014972256267543508,-0.7555907279096191,-0.77705717797081,-0.5954769695836403
112,0,0,0,3,7.0,0.22269326448440552,3.3350956439971924,2.9370672702789307,0.3980284631252289,57.5276,1,2,0.2434545505133413,4,1,-0.21322147080377804,1.2725370997585048,-0.34811684530652526,0.3906287435204613,0.5869701557324454
112,0,0,1,1,5.0,0.21700270473957062,3.4303994178771973,2.954505681991577,0.47589364647865295,50.165,2,3,0.19943161988333252,5,2,0.054871591605041584,0.4790179367322314,-0.6105026844897836,1.5583146650117328,0.981119197504474
112,0,1,0,2,6.0,0.2504063844680786,3.3240513801574707,2.892237663269043,0.4318135380744934,64.9574,1,2,0.18479819267367567,5,1,-0.09689805362580355,0.21524847056004068,-0.08333615533779479,0.3906287435204613,0.981119197504474
112,0,1,1,3,7.0,0.2419487088918686,3.4023373126983643,2.915769577026367,0.48656755685806274,86.0037,2,3,0.12793628307879829,5,1,0.09162230865536519,-0.8096949910423412,0.6667047388032161,0.3906287435204613,0.981119197504474
112,0,2,0,0,4.0,0.20666652917861938,3.519294023513794,2.990865707397461,0.528428316116333,54.8857,1,2,0.20773256132359635,4,3,0.23575064253945305,0.6286435070825657,-0.44226798057643674,2.726000586503004,0.5869701557324454
112,0,2,1,2,6.0,0.1587277054786682,3.9656355381011963,3.141868829727173,0.8237665891647339,62.7255,2,3,0.07974125557391376,5,1,1.2526125910780503,-1.6784167535511485,-0.16287584980348857,0.3906287435204613,0.981119197504474
112,0,3,0,1,5.0,0.21353359520435333,3.5394322872161865,2.9497883319854736,0.5896434783935547,37.4271,1,2,0.21388029654503116,5,2,0.44651699039820414,0.7394572497754408,-1.0644516401484403,1.5583146650117328,0.981119197504474
112,0,3,1,0,4.0,0.1609230488538742,3.9805941581726074,3.1082448959350586,0.8723488450050354,75.9976,2,3,0.22375869861940884,5,2,1.419883317043437,0.9175167572620648,0.31011074409324973,1.5583146650117328,0.981119197504474
114,2,0,0,0,4.0,0.23480241000652313,3.987703800201416,3.8288559913635254,0.15884818136692047,45.7111,2,2,0.15320605557877964,1,0,-1.0367291213713212,-0.35420399039594586,-0.7692292605822393,-0.77705717797081,-0.5954769695836403
114,2,0,1,2,6.0,0.23376788198947906,3.8705692291259766,3.8312997817993164,0.03926897421479225,64.2913,1,3,0.21783577050067993,0,0,-1.4484453013785303,0.8107551924098885,-0.10707440099557443,-0.77705717797081,-0.9896260113556687
114,2,1,0,1,5.0,0.25332891941070557,4.081943035125732,3.8011159896850586,0.2808269262313843,55.4282,2,2,0.12633714330061202,1,0,-0.6167512332943372,-0.8385196976256732,-0.42293454975622147,-0.77705717797081,-0.5954769695836403
114,2,1,1,0,4.0,0.2531780004501343,3.972012996673584,3.7985172271728516,0.17349554598331451,65.1808,1,3,0.10743149707325908,0,0,-0.9862976362439575,-1.1792964781831592,-0.07537470198252091,-0.77705717797081,-0.9896260113556687
114,2,2,0,3,7.0,0.22346782684326172,4.0605597496032715,3.8502163887023926,0.21034295856952667,56.6625,2,2,0.1059322033898305,0,0,-0.8594304633094125,-1.2063214456666695,-0.3789469854034253,-0.77705717797081,-0.9896260113556687
114,2,2,1,1,5.0,0.238202765583992,3.8977839946746826,3.8225977420806885,0.07518664747476578,42.878599,1,3,0.11666542223549616,0,0,-1.32477925958474,-1.0128537525098513,-0.8701729695807477,-0.77705717797081,-0.9896260113556687
114,2,3,0,2,6.0,0.2265012115240097,3.918142080307007,3.8442611694335938,0.07388059794902802,51.6867,2,2,0.09677581688467032,0,0,-1.3292760423820444,-1.3713665267628148,-0.5562728565098356,-0.77705717797081,-0.9896260113556687
114,2,3,1,3,7.0,0.2149319350719452,4.245233058929443,3.8671209812164307,0.3781120479106903,36.827,1,3,0.1358514762979929,0,0,-0.28179451612540646,-0.6670225835355786,-1.085837800213346,-0.77705717797081,-0.9896260113556687
116,0,0,0,3,7.0,0.22731874883174896,3.6411051750183105,3.146599292755127,0.49450576305389404,56.1285,1,2,0.3029973567936463,0,0,0.11895388250414743,2.3458040796622854,-0.39797749610940686,-0.77705717797081,-0.9896260113556687
116,0,0,1,1,5.0,0.23197832703590393,3.50482177734375,3.130420446395874,0.374401718378067,65.3236,2,3,0.2909531977433241,0,0,-0.2945693349097139,2.128706515456686,-0.07028564406339347,-0.77705717797081,-0.9896260113556687
116,0,1,0,2,6.0,0.2590903341770172,3.5712597370147705,3.0882651805877686,0.4829946756362915,52.5762,1,2,0.342510717731209,0,0,0.07932073011775433,3.058037650912913,-0.5245731574967821,-0.77705717797081,-0.9896260113556687
116,0,1,1,3,7.0,0.2544057071208954,3.3724186420440674,3.1011159420013428,0.2713027894496918,57.3157,2,3,0.19198882974081508,0,0,-0.6495432320624508,0.3448606573337366,-0.3556684655660711,-0.77705717797081,-0.9896260113556687
116,0,2,0,0,4.0,0.17748604714870453,4.152865886688232,3.2539498805999756,0.8989161849021912,128.7943,1,2,0.1630800699846472,0,0,1.511355772463672,-0.17622357121611945,2.1916616141129075,-0.77705717797081,-0.9896260113556687
116,0,2,1,2,6.0,0.20509830117225647,3.718489646911621,3.1916556358337402,0.5268340706825256,55.318,2,3,0.16275923929948424,0,0,0.23026158925307302,-0.18200658686547078,-0.42686181994311123,-0.77705717797081,-0.9896260113556687
116,0,3,0,1,5.0,0.2136879712343216,3.616974115371704,3.168503522872925,0.4484702944755554,45.4561,1,2,0.24211157033806632,0,0,-0.039548149072319266,1.248329703990113,-0.778316864009253,-0.77705717797081,-0.9896260113556687
116,0,3,1,0,4.0,0.22901701927185059,3.6894617080688477,3.1339480876922607,0.5555135607719421,50.8313,2,3,0.23617584078599319,0,0,0.32900626556747037,1.1413373916041518,-0.5867573112999044,-0.77705717797081,-0.9896260113556687
117,1,0,0,0,4.0,0.23662184178829193,4.390965461730957,4.190004348754883,0.20096085965633392,49.8868,1,3,0.18048840161476956,3,3,-0.8917334197931038,0.13756391514904598,-0.620417081640353,2.726000586503004,0.19282111396041687
117,1,0,1,1,5.0,0.24233666062355042,4.057290554046631,4.177315711975098,-0.1200249046087265,59.0388,2,2,0.1863907631515628,2,2,-1.9969007465155333,0.24395476463424548,-0.2942612127618073,1.5583146650117328,-0.20132792781161168
117,1,1,0,1,5.0,0.23913921415805817,4.310678958892822,4.187657833099365,0.12302107363939285,38.138,1,3,0.157464196578303,2,2,-1.1600833422729433,-0.2774504341552729,-1.0391168273003462,1.5583146650117328,-0.20132792781161168
117,1,1,1,3,7.0,0.2379119098186493,4.427196025848389,4.196881294250488,0.23031571507453918,114.8677,2,2,0.07841264918006506,3,4,-0.790663432583105,-1.7023650600030484,1.6953501714201682,3.8936865079942753,0.19282111396041687
117,1,2,1,2,6.0,0.21802350878715515,4.479143142700195,4.231109619140625,0.24803373217582703,95.3204,2,2,0.14690466621685858,2,4,-0.7296595633321221,-0.46778736934904463,0.9987301303657982,3.8936865079942753,-0.20132792781161168
117,1,3,0,2,6.0,0.21304941177368164,4.496549129486084,4.2451934814453125,0.2513553202152252,37.9264,1,3,0.18467561727825077,1,1,-0.7182231976653146,0.2130390328012814,-1.0466577562617425,0.3906287435204613,-0.5954769695836403
117,1,3,1,0,4.0,0.23706170916557312,4.261087417602539,4.185685634613037,0.07540194690227509,68.3243,2,2,0.19067622590145852,1,1,-1.3240379747078543,0.3212007990488527,0.036652283793233535,0.3906287435204613,-0.5954769695836403
118,2,0,0,0,4.0,0.21851831674575806,4.518363952636719,4.124880313873291,0.3934841454029083,76.7299,2,2,0.2607289982791886,1,1,-0.22886774558625456,1.583911311714132,0.33620820287600295,0.3906287435204613,-0.5954769695836403
118,2,0,1,2,6.0,0.22464953362941742,4.238241672515869,4.101437568664551,0.13680444657802582,55.0296,1,3,0.1999770935329226,0,0,-1.1126266164001148,0.48885017160803823,-0.43713972123076106,-0.77705717797081,-0.9896260113556687
118,2,1,0,1,5.0,0.22235657274723053,4.625856399536133,4.125757217407227,0.5000987648963928,102.4959,2,2,0.18541397084511688,1,0,0.1382108202963286,0.22634795376615854,1.2544481632698634,-0.77705717797081,-0.5954769695836403
118,2,1,1,0,4.0,0.25687846541404724,4.311548233032227,4.016106128692627,0.2954421639442444,83.9813,1,3,0.1667468639679084,0,0,-0.5664303624310538,-0.11012912336934694,0.5946311342118735,-0.77705717797081,-0.9896260113556687
118,2,2,0,3,7.0,0.20367850363254547,4.867384433746338,4.165006637573242,0.7023778557777405,102.0285,2,2,0.16665457604056175,0,0,0.834666137039222,-0.11179262549920323,1.2377911207530543,-0.77705717797081,-0.9896260113556687
118,2,2,1,1,5.0,0.18962985277175903,4.38112735748291,4.222704887390137,0.15842179954051971,61.3146,1,3,0.2120966899864258,0,0,-1.0381971717202996,0.7073075050106542,-0.2131570250002477,-0.77705717797081,-0.9896260113556687
118,2,3,0,2,6.0,0.21849378943443298,4.33339786529541,4.1203227043151855,0.21307498216629028,82.3275,2,2,0.23084895309999767,0,0,-0.8500239925212422,1.0453195346002218,0.5356935712801275,-0.77705717797081,-0.9896260113556687
118,2,3,1,3,7.0,0.20692628622055054,4.317895889282227,4.153027057647705,0.16486893594264984,67.8561,1,3,0.16216176373031024,0,0,-1.015999413140971,-0.19277616323838986,0.01996673114802661,-0.77705717797081,-0.9896260113556687
119,3,0,0,3,7.0,0.24964268505573273,3.0336077213287354,3.024240732192993,0.009366840124130249,47.8431,2,3,0.250934731876239,0,0,-1.5513995918030223,1.4073683608632614,-0.6932497684003054,-0.77705717797081,-0.9896260113556687
119,3,0,1,2,6.0,0.2232314944267273,3.2860405445098877,3.063786745071411,0.22225411236286163,56.0176,1,2,0.23216358603446738,0,1,-0.818419865764378,1.0690159675936235,-0.40192971265864536,0.3906287435204613,-0.9896260113556687
119,3,1,0,2,6.0,0.24682529270648956,3.064823865890503,3.032139778137207,0.032684098929166794,59.6597,2,3,0.23474729453743046,0,0,-1.4711173006582423,1.1155876560167828,-0.27213378935854143,-0.77705717797081,-0.9896260113556687
119,3,1,1,0,4.0,0.2406584918498993,3.2476437091827393,3.037316083908081,0.21032777428627014,41.1802,1,2,0.3173161884955795,0,0,-0.8594827434277326,2.6039029200853916,-0.9306999365330482,-0.77705717797081,-0.9896260113556687
119,3,2,0,0,4.0,0.208867609500885,3.190434455871582,3.08593487739563,0.10449957102537155,30.6506,2,3,0.29383245673317077,0,0,-1.2238536455375997,2.180605540602494,-1.3059502465137667,-0.77705717797081,-0.9896260113556687
119,3,2,1,1,5.0,0.2309556007385254,3.104635000228882,3.0520076751708984,0.05262761190533638,49.1316,1,2,0.24523277699553062,0,0,-1.4024509566171195,1.3045898679323744,-0.6473306428485128,-0.77705717797081,-0.9896260113556687
119,3,3,0,1,5.0,0.23113860189914703,3.1094613075256348,3.0522279739379883,0.0572332963347435,66.1794,2,3,0.24184930067763152,0,0,-1.3865933937117074,1.2436022585779818,-0.03978693420912554,-0.77705717797081,-0.9896260113556687
119,3,3,1,3,7.0,0.20720016956329346,3.288144588470459,3.0884063243865967,0.19973845779895782,37.9647,1,2,0.2636317380976861,0,0,-0.8959422001917925,1.6362335819104517,-1.0452928338646656,-0.77705717797081,-0.9896260113556687
120,0,0,0,3,7.0,0.23289984464645386,2.969465732574463,2.3441076278686523,0.6253582239151001,42.8242,1,2,0.18691326757101534,0,0,0.5694843435547897,0.2533729760905922,-0.8721116226741836,-0.77705717797081,-0.9896260113556687
120,0,0,1,1,5.0,0.1708366572856903,3.3916327953338623,2.451742172241211,0.9398908019065857,73.4099,2,3,0.17719548614944666,4,2,1.6524330817390707,0.07820867717272371,0.21789117002233446,1.5583146650117328,0.5869701557324454
120,0,1,0,2,6.0,0.24668961763381958,3.0627248287200928,2.334591865539551,0.7281326651573181,38.2487,1,2,0.10464410539754296,1,0,0.9233410161181875,-1.229539582808114,-1.0351717382832073,-0.77705717797081,-0.5954769695836403
120,0,1,1,3,7.0,0.20847144722938538,3.1327147483825684,2.40230393409729,0.7304108738899231,77.274099,2,3,0.09061254077564336,4,1,0.9311849834682462,-1.4824603960156062,0.3556021820814048,0.3906287435204613,0.5869701557324454
120,0,2,0,0,4.0,0.19725386798381805,3.1733691692352295,2.4161596298217773,0.7572097778320312,55.6393,1,2,0.1078785503280407,1,0,1.0234547235191906,-1.1712382839765094,-0.415411439625074,-0.77705717797081,-0.5954769695836403
120,0,2,1,2,6.0,0.1763395369052887,3.2889938354492188,2.446389675140381,0.842604398727417,54.7077,2,3,0.05485985136637603,5,2,1.3174719523128529,-2.1269073642199685,-0.44861148414509716,1.5583146650117328,0.981119197504474
120,0,3,0,1,5.0,0.20864495635032654,2.965902090072632,2.3804681301116943,0.5854337811470032,53.052,1,2,0.16971237523783303,0,0,0.4320228278208249,-0.056675389436161176,-0.5076167586317896,-0.77705717797081,-0.9896260113556687
120,0,3,1,0,4.0,0.15815195441246033,3.5843825340270996,2.473088026046753,1.1112946271896362,81.5603,2,3,0.07358469045986751,0,3,2.242583575832765,-1.7893896562293854,0.5083523581459906,2.726000586503004,-0.9896260113556687
121,1,0,0,0,4.0,0.21992719173431396,3.086376667022705,2.9980812072753906,0.08829550445079803,41.2241,1,3,0.14562081795213444,1,0,-1.2796449202044275,-0.4909289045875501,-0.9291354432371819,-0.77705717797081,-0.5954769695836403
121,1,0,1,1,5.0,0.2164672315120697,3.2390968799591064,3.0053470134735107,0.2337496280670166,60.4608,2,2,0.21509717428496736,2,1,-0.7788403274345544,0.7613916324228617,-0.24358445953351934,0.3906287435204613,-0.20132792781161168
121,1,1,0,1,5.0,0.2673466205596924,2.961991548538208,2.930539846420288,0.03145220875740051,45.4794,1,3,0.2199919922914806,0,0,-1.4753587497177163,0.8496213761520681,-0.7774865065196475,-0.77705717797081,-0.9896260113556687
121,1,1,1,3,7.0,0.2513844072818756,3.017521858215332,2.9574291706085205,0.06009272485971451,80.1066,2,2,0.137357320083763,0,1,-1.3767482624606948,-0.639879549588673,0.45654589107991306,0.3906287435204613,-0.9896260113556687
121,1,2,0,3,7.0,0.1925802230834961,3.090252637863159,3.0440566539764404,0.04619599133729935,43.4015,1,3,0.1383141806613723,1,0,-1.424595293534818,-0.6226320107762572,-0.8515380012686345,-0.77705717797081,-0.5954769695836403
121,1,2,1,2,6.0,0.20010730624198914,3.1733102798461914,3.0334692001342773,0.13984113931655884,73.3525,2,2,0.15000252276970114,0,0,-1.1021711570946031,-0.4119480941393335,0.2158455683097444,-0.77705717797081,-0.9896260113556687
121,1,3,0,2,6.0,0.19411621987819672,2.997438669204712,3.0371947288513184,-0.03975613787770271,39.3149,1,3,0.152699731248473,0,0,-1.720532046643294,-0.363330553599598,-0.9971748646601407,-0.77705717797081,-0.9896260113556687
121,1,3,1,0,4.0,0.2087917923927307,3.159489393234253,3.012840509414673,0.14664852619171143,56.8285,2,2,0.1408031765196623,1,1,-1.078733041164436,-0.5777675303343348,-0.373031133760742,0.3906287435204613,-0.5954769695836403
122,2,0,0,0,4.0,0.24266226589679718,3.8501639366149902,3.330608606338501,0.5195550918579102,53.7963,2,2,0.1301727392249515,3,1,0.20519976264126552,-0.7693825724040703,-0.481091647923059,0.3906287435204613,0.19282111396041687
122,2,0,1,2,6.0,0.23654688894748688,3.8770675659179688,3.349233627319336,0.5278339385986328,70.8976,1,3,0.14108929400328174,5,1,0.2337041760433308,-0.5726102247465481,0.12835867555297595,0.3906287435204613,0.981119197504474
122,2,1,0,1,5.0,0.2914223074913025,3.8001508712768555,3.222437620162964,0.5777131915092468,69.9779,2,2,0.17153712992651066,4,1,0.4054405168257673,-0.02378394416966394,0.09558271919288026,0.3906287435204613,0.5869701557324454
122,2,1,1,0,4.0,0.2692928910255432,4.053861618041992,3.2606120109558105,0.7932499051094055,46.8785,1,3,0.19207908536207977,4,1,1.1475423795841526,0.34648752687693674,-0.7276258557167656,0.3906287435204613,0.5869701557324454
122,2,2,0,3,7.0,0.22953268885612488,4.258662700653076,3.369713068008423,0.8889498710632324,74.3532,2,2,0.12108166285483654,5,1,1.4770413397102513,-0.933250429654448,0.25150817517018575,0.3906287435204613,0.981119197504474
122,2,2,1,1,5.0,0.2291291356086731,4.16719913482666,3.371070623397827,0.7961285710334778,54.7396,1,3,0.20472886453649386,6,1,1.1574537459997885,0.5745014741379997,-0.447474642775208,0.3906287435204613,1.3752682392765025
122,2,3,0,2,6.0,0.23638856410980225,4.041121959686279,3.344266414642334,0.6968556642532349,61.9259,2,2,0.2261591869900312,4,1,0.81565300211481,0.9607858785007157,-0.19137172313776354,0.3906287435204613,0.5869701557324454
122,2,3,1,3,7.0,0.20676125586032867,4.1713361740112305,3.4418952465057373,0.7294407486915588,49.309,1,3,0.16231295967537407,6,1,0.9278448020913022,-0.1900508362766671,-0.6410085218761512,0.3906287435204613,1.3752682392765025
124,0,0,0,3,7.0,0.21865026652812958,3.0430171489715576,2.831439971923828,0.21157722175121307,71.5888,1,2,0.18165101207560036,7,0,-0.8551808438781598,0.158520122893543,0.15299142648925806,-0.77705717797081,1.7694172810485311
124,0,0,1,1,5.0,0.22675274312496185,2.934112787246704,2.818577527999878,0.11553547531366348,24.1871,2,3,0.2069082527425689,8,1,-1.1858565684143143,0.6137852355878826,-1.5362942651431897,0.3906287435204613,2.16356632282056
124,0,1,0,2,6.0,0.2286873608827591,3.137906551361084,2.820347547531128,0.31755924224853516,92.7007,1,2,0.21580024665968195,6,1,-0.4902803426305516,0.7740646052201365,0.905370151158944,0.3906287435204613,1.3752682392765025
124,0,1,1,3,7.0,0.21215949952602386,3.1267688274383545,2.853945016860962,0.2728240489959717,66.0458,2,3,0.10602092853129208,6,1,-0.6443054722201644,-1.2047221632248963,-0.04454812565167079,0.3906287435204613,1.3752682392765025
124,0,2,0,0,4.0,0.20888611674308777,3.348036289215088,2.8505685329437256,0.49746739864349365,88.6135,1,2,0.21449610028591312,7,2,0.1291509169264621,0.7505571938741195,0.7597119051711391,1.5583146650117328,1.7694172810485311
124,0,2,1,2,6.0,0.2193755805492401,3.229889154434204,2.828796148300171,0.40109312534332275,150.3961,2,3,0.15979868145244497,9,2,-0.20266971141771012,-0.23537103469421367,2.9614992286606094,1.5583146650117328,2.5577153645925885
124,0,3,0,1,5.0,0.20943263173103333,3.2047107219696045,2.8483169078826904,0.3563937246799469,102.8386,1,2,0.12643762005495174,8,2,-0.3565716056351888,-0.836708590803246,1.2666611895225595,1.5583146650117328,2.16356632282056
124,0,3,1,0,4.0,0.21523882448673248,3.1784119606018066,2.836135149002075,0.34227657318115234,89.8126,2,3,0.0779596837064261,8,1,-0.4051775449626875,-1.7105298227386936,0.8024450238744023,0.3906287435204613,2.16356632282056
125,1,0,0,0,4.0,0.2499629259109497,4.123043060302734,3.747559070587158,0.37548428773880005,57.4391,1,3,0.20900061132678813,0,0,-0.2908420036084884,0.6515002765617491,-0.3512707782606063,-0.77705717797081,-0.9896260113556687
125,1,0,1,1,5.0,0.2325611710548401,4.002073764801025,3.7932960987091064,0.20877781510353088,90.633,2,2,0.12139632257430834,2,1,-0.8648193173111223,-0.9275786464800871,0.8316821605470374,0.3906287435204613,-0.20132792781161168
125,1,1,0,1,5.0,0.2416132241487503,4.031860828399658,3.7992160320281982,0.23264440894126892,53.1748,1,3,0.09406753672866972,1,0,-0.7826456428180629,-1.4201836357529491,-0.5032404539226238,-0.77705717797081,-0.5954769695836403
125,1,1,1,3,7.0,0.2535947263240814,4.052145957946777,3.7526156902313232,0.2995304763317108,121.7982,2,2,0.12317839680852985,2,2,-0.5523541329683309,-0.8954565220655395,1.9423369775022004,1.5583146650117328,-0.20132792781161168
125,1,2,0,3,7.0,0.22482584416866302,4.150774002075195,3.829059600830078,0.3217141330242157,55.8057,1,3,0.1793348827867206,1,0,-0.4759748810101704,0.11677158529119454,-0.4094813329181912,-0.77705717797081,-0.5954769695836403
125,1,2,1,2,6.0,0.20605409145355225,4.277943134307861,3.870659112930298,0.4072844386100769,72.2416,2,2,0.13846484031542292,3,1,-0.18135276252564175,-0.6199163505311717,0.17625569126241303,0.3906287435204613,0.19282111396041687
125,1,3,0,2,6.0,0.20116068422794342,4.222321033477783,3.8898723125457764,0.332448273897171,55.0398,1,3,0.18175605429416855,0,0,-0.43901678786735465,0.16041352281417062,-0.43677621709368064,-0.77705717797081,-0.9896260113556687
125,1,3,1,0,4.0,0.21529263257980347,4.267994403839111,3.843738317489624,0.424255907535553,114.8902,2,2,0.12188040572245917,2,1,-0.12291928967096158,-0.9188529835344692,1.696152018781375,0.3906287435204613,-0.20132792781161168
126,2,0,0,0,4.0,0.23813854157924652,3.169914960861206,2.338660717010498,0.8312544226646423,88.5911,2,2,0.12419737446750374,1,0,1.278393513017015,-0.8770893146234194,0.7589136215759816,-0.77705717797081,-0.5954769695836403
126,2,0,1,2,6.0,0.19080372154712677,3.304265022277832,2.4327704906463623,0.8714947700500488,96.3982,1,3,0.14526498408310817,3,2,1.416942701477559,-0.49734285726823896,1.0371404008506424,1.5583146650117328,0.19282111396041687
126,2,1,0,1,5.0,0.24799294769763947,3.0878822803497314,2.373462438583374,0.7144200801849365,112.1131,2,2,0.1784264570750551,2,0,0.8761280161551523,0.10039709136095694,1.5971826718121216,-0.77705717797081,-0.20132792781161168
126,2,1,1,0,4.0,0.2714059054851532,2.8654797077178955,2.318986415863037,0.5464932918548584,76.4192,1,3,0.1308943355476292,3,2,0.2979491047982506,-0.756375702988073,0.3251355817592456,1.5583146650117328,0.19282111396041687
126,2,2,0,3,7.0,0.19457748532295227,3.5001142024993896,2.418257236480713,1.0818569660186768,105.5824,2,2,0.1516836410141189,3,0,2.1412284849745773,-0.38164571483000936,1.364443802397227,-0.77705717797081,0.19282111396041687
126,2,2,1,1,5.0,0.18829332292079926,3.3702893257141113,2.4639077186584473,0.9063816666603088,83.9043,1,3,0.19074391318290793,3,2,1.5370597364266996,0.3224208712738181,0.5918870343535204,1.5583146650117328,0.19282111396041687
126,2,3,0,2,6.0,0.21329356729984283,3.396280527114868,2.376110553741455,1.0201703310012817,117.2547,2,2,0.16210068841602884,2,0,1.928838836876724,-0.19387705387825804,1.7804172670291158,-0.77705717797081,-0.20132792781161168
126,2,3,1,3,7.0,0.17126114666461945,3.5647826194763184,2.4637715816497803,1.101011037826538,88.0018,1,3,0.1363951002333493,4,1,2.207176750263574,-0.657223690004147,0.7379123482444557,0.3906287435204613,0.5869701557324454
127,3,0,0,3,7.0,0.2281402200460434,3.4629149436950684,3.420362710952759,0.04255225509405136,37.6588,2,3,0.2657715480926905,2,1,-1.4371408288561498,1.6748039408568345,-1.0561943942110323,0.3906287435204613,-0.20132792781161168
127,3,0,1,2,6.0,0.2198811024427414,3.7703843116760254,3.432532548904419,0.33785170316696167,49.676,1,2,0.18125719993877534,5,2,-0.42041255632175556,0.15142160689901815,-0.6279295004733509,1.5583146650117328,0.981119197504474
127,3,1,0,2,6.0,0.225301593542099,3.5211122035980225,3.4456348419189453,0.0754774659872055,64.0798,2,3,0.20294076783420054,3,1,-1.3237779593598211,0.5422707939377444,-0.1146117661909211,0.3906287435204613,0.19282111396041687
127,3,1,1,0,4.0,0.25370463728904724,3.9791152477264404,3.357501745223999,0.6216132044792175,43.5791,1,2,0.2755105554981575,4,3,0.5565900859918277,1.8503508409495084,-0.8452087527641734,2.726000586503004,0.5869701557324454
127,3,2,0,0,4.0,0.21512269973754883,3.9690678119659424,3.439689874649048,0.5293781757354736,48.332999,2,3,0.24839629144336875,3,1,0.23902104868488064,1.361612635407079,-0.6757909141599502,0.3906287435204613,0.19282111396041687
127,3,2,1,1,5.0,0.21740272641181946,3.9931724071502686,3.445497989654541,0.5476747751235962,52.4864,1,2,0.2097143499903722,4,2,0.30201700079565685,0.6643655106304835,-0.5277734194095107,1.5583146650117328,0.5869701557324454
127,3,3,0,1,5.0,0.24407526850700378,3.6145553588867188,3.3720109462738037,0.2425442785024643,44.1447,2,3,0.15864669833556952,3,1,-0.7485599804744448,-0.2561356831544932,-0.8250520919864519,0.3906287435204613,0.19282111396041687
127,3,3,1,3,7.0,0.21144509315490723,3.906057834625244,3.4505302906036377,0.45552733540534973,55.4064,1,2,0.27083683164240874,4,2,-0.015250463856250947,1.7661063486098363,-0.4237114507550798,1.5583146650117328,0.5869701557324454
128,0,0,0,3,7.0,0.24962042272090912,4.004538059234619,2.9906582832336426,1.013879418373108,50.9978,1,2,0.09808575834023203,0,0,1.9071789632438794,-1.3477546582989242,-0.5808236408269719,-0.77705717797081,-0.9896260113556687
128,0,0,1,1,5.0,0.2336093634366989,3.8893961906433105,3.0181281566619873,0.871268093585968,56.2385,2,3,0.10672757253472648,1,0,1.4161622449909212,-1.1919848113462694,-0.3940573534546166,-0.77705717797081,-0.5954769695836403
128,0,1,1,3,7.0,0.24999210238456726,3.9233295917510986,3.0186703205108643,0.9046590924263,70.166,2,3,0.11405076970013202,1,0,1.5311288417478053,-1.0599832112209073,0.10228616313257123,-0.77705717797081,-0.5954769695836403
128,0,2,0,0,4.0,0.23503825068473816,3.9462087154388428,3.019073724746704,0.9271350502967834,47.3558,1,2,0.14809580529209782,2,0,1.6085144988099553,-0.4463169295463063,-0.7106160003610259,-0.77705717797081,-0.20132792781161168
128,0,2,1,2,6.0,0.21923662722110748,3.8277080059051514,3.0476267337799072,0.7800809144973755,55.24,2,3,0.12677002649493554,1,0,1.1022009975959104,-0.830716920638046,-0.42964155746196236,-0.77705717797081,-0.5954769695836403
128,0,3,0,1,5.0,0.22293482720851898,4.037741661071777,3.0323760509490967,1.0053656101226807,55.8284,1,2,0.16152566373587324,1,0,1.877865567598762,-0.20424194999913303,-0.4086723580248845,-0.77705717797081,-0.5954769695836403
128,0,3,1,0,4.0,0.2050463855266571,4.0339555740356445,3.0705175399780273,0.9634385704994202,67.8457,2,3,0.058976869271871575,0,1,1.7335090276633618,-2.05269757046521,0.019596099478846295,0.3906287435204613,-0.9896260113556687
131,3,0,0,3,7.0,0.22419941425323486,2.8150906562805176,2.4388091564178467,0.3762816786766052,62.1256,2,3,0.193225824631462,1,0,-0.2880965534695871,0.3671576542907004,-0.1842548823362944,-0.77705717797081,-0.5954769695836403
131,3,0,1,2,6.0,0.22758235037326813,3.031062126159668,2.437235116958618,0.5938265323638916,56.8609,1,2,0.1410479510140466,1,1,0.4609194190682662,-0.573355437610512,-0.3718764735606037,0.3906287435204613,-0.5954769695836403
131,3,1,0,2,6.0,0.28217950463294983,2.851039171218872,2.3820111751556396,0.4690280556678772,78.2621,2,3,0.1789356905128297,1,0,0.031233077105534104,0.10957609161253118,0.39081222629118095,-0.77705717797081,-0.5954769695836403
131,3,1,1,0,4.0,0.24501927196979523,3.011364221572876,2.4163546562194824,0.595009446144104,111.0696,1,2,0.11706744255365516,2,2,0.4649922403761324,-1.005607282958194,1.5599947730823616,1.5583146650117328,-0.20132792781161168
131,3,2,0,0,4.0,0.21034114062786102,3.0353167057037354,2.4639647006988525,0.5713517069816589,66.445,2,3,0.2408804179275251,1,0,0.38353766121023036,1.2261380185118975,-0.030321571580832367,-0.77705717797081,-0.5954769695836403
131,3,2,1,1,5.0,0.20760275423526764,3.049837827682495,2.4682962894439697,0.5815413594245911,80.0166,1,2,0.15001012568348362,2,1,0.4186210580592157,-0.41181105061008855,0.4533385016350846,0.3906287435204613,-0.20132792781161168
131,3,3,0,1,5.0,0.220623180270195,2.976060152053833,2.447484254837036,0.5285757780075073,84.7146,2,3,0.18896960778176844,0,0,0.23625835995936945,0.29043878110589416,0.620764230655125,-0.77705717797081,-0.9896260113556687
131,3,3,1,3,7.0,0.20888034999370575,3.1256279945373535,2.4659957885742188,0.6596320867538452,63.0348,1,2,0.19043115199738475,0,1,0.687490677750559,0.31678330942566896,-0.15185312141142843,0.3906287435204613,-0.9896260113556687
132,0,0,0,3,7.0,0.2249738723039627,4.084012508392334,3.3085882663726807,0.7754248976707458,159.5133,1,2,0.16928961063389553,3,1,1.086170138155017,-0.0642957774901301,3.2864149069538215,0.3906287435204613,0.19282111396041687
132,0,0,1,1,5.0,0.25286829471588135,3.3797593116760254,3.2566094398498535,0.12314984202384949,46.5337,2,3,0.258810335159384,2,1,-1.159639987373569,1.5493271545222231,-0.739913721056508,0.3906287435204613,-0.20132792781161168
132,0,1,0,2,6.0,0.2675778865814209,4.101216793060303,3.2316105365753174,0.8696057200431824,97.7192,1,2,0.14329873692399026,4,1,1.4104386237938846,-0.532784723079473,1.084217750368623,0.3906287435204613,0.5869701557324454
132,0,1,1,3,7.0,0.194115549325943,4.26383638381958,3.4861128330230713,0.7777234315872192,126.9825,2,3,0.14965178392802853,3,2,1.094084085957861,-0.41827020827625866,2.1270933008224633,1.5583146650117328,0.19282111396041687
132,0,2,0,0,4.0,0.25142067670822144,3.9451634883880615,3.249884843826294,0.6952787041664124,56.185,1,2,0.2136668435353316,3,2,0.810223462996488,0.7356097309669868,-0.3959639682912646,1.5583146650117328,0.19282111396041687
132,0,2,1,2,6.0,0.22008730471134186,3.994748592376709,3.315978765487671,0.6787693500518799,52.4061,2,3,0.26730310262529833,2,1,0.7533810706416509,1.7024104144253076,-0.5306351235475076,0.3906287435204613,-0.20132792781161168
132,0,3,0,1,5.0,0.20993608236312866,4.30086612701416,3.3440284729003906,0.9568375945091248,78.44,1,2,0.19128261368563337,2,1,1.7107815929883161,0.33213101927912014,0.39715216609379145,0.3906287435204613,-0.20132792781161168
132,0,3,1,0,4.0,0.2271054983139038,4.119330883026123,3.300457715988159,0.8188732862472534,91.7007,2,3,0.19633936167891972,2,1,1.2357647457646075,0.42327957249543213,0.8697324906608512,0.3906287435204613,-0.20132792781161168
133,1,0,0,0,4.0,0.2329694628715515,3.4824001789093018,3.280208110809326,0.20219245553016663,40.0474,1,3,0.24983822974623932,4,0,-0.8874929840136464,1.3876037645494312,-0.9710702783452876,-0.77705717797081,0.5869701557324454
133,1,0,1,1,5.0,0.2354663461446762,3.458576202392578,3.2745769023895264,0.1839994639158249,56.173,2,2,0.16028323829130944,2,2,-0.950132210253295,-0.2266368334106605,-0.3963916202172417,1.5583146650117328,-0.20132792781161168
133,1,1,0,1,5.0,0.24744220077991486,3.4882795810699463,3.2565550804138184,0.23172397911548615,39.5693,1,3,0.1264264059248471,5,0,-0.7858147209618399,-0.8369107269856252,-0.988108643829426,-0.77705717797081,0.981119197504474
133,1,1,1,3,7.0,0.27740004658699036,3.430454969406128,3.2042789459228516,0.22617579996585846,84.7256,2,2,0.15347545160151635,4,2,-0.8049173323596083,-0.3493480913582085,0.6211562449206038,1.5583146650117328,0.5869701557324454
133,1,2,0,3,7.0,0.21764937043190002,3.409525156021118,3.314091920852661,0.09543334692716599,44.3788,1,3,0.18035444156628813,5,0,-1.2550690319053464,0.1351492675090844,-0.8167093156638484,-0.77705717797081,0.981119197504474
133,1,2,1,2,6.0,0.2121129035949707,3.5231902599334717,3.3275954723358154,0.1955944150686264,54.296699,2,2,0.18425300148139412,2,2,-0.9102103115411855,0.20542132701467997,-0.463258598247474,1.5583146650117328,-0.20132792781161168
133,1,3,0,2,6.0,0.2104884386062622,3.454728603363037,3.32796573638916,0.12676288187503815,42.4348,1,3,0.23577454295104847,5,0,-1.1472001410058577,1.1341039449082493,-0.8859889276721408,-0.77705717797081,0.981119197504474
133,1,3,1,0,4.0,0.2225763350725174,3.6478469371795654,3.302170515060425,0.3456762731075287,60.8935,2,2,0.11499861180247181,2,2,-0.3934722368226381,-1.0428982316212747,-0.22816404383599442,1.5583146650117328,-0.20132792781161168
134,2,0,0,0,4.0,0.20665539801120758,3.486302375793457,3.0743730068206787,0.4119293689727783,73.3543,2,2,0.24597825552221184,1,0,-0.1653600742408132,1.3180272172428473,0.21590971609864057,-0.77705717797081,-0.5954769695836403
134,2,0,1,2,6.0,0.20574027299880981,3.305712938308716,3.0742907524108887,0.2314223349094391,75.9642,1,3,0.19752045982763047,1,2,-0.7868532944997711,0.44456902326584424,0.30892044623261344,1.5583146650117328,-0.5954769695836403
134,2,1,0,1,5.0,0.25506600737571716,3.2239866256713867,2.9735679626464844,0.2504187822341919,93.2997,2,2,0.18286314199753242,0,0,-0.7214477368570836,0.180368925491773,0.9267171097973018,-0.77705717797081,-0.9896260113556687
134,2,1,1,0,4.0,0.22678235173225403,3.2967605590820312,3.0351390838623047,0.2616215944290161,113.8012,1,3,0.202148398017891,2,3,-0.6828759888748166,0.5279882229128926,1.6573426064989518,2.726000586503004,-0.20132792781161168
134,2,2,0,3,7.0,0.21284723281860352,3.2578864097595215,3.0596981048583984,0.1981879323720932,67.0241,2,2,0.19402579647589452,0,0,-0.9012807236772393,0.38157725288066685,-0.009683802386386407,-0.77705717797081,-0.9896260113556687
134,2,2,1,1,5.0,0.21082620322704315,3.613952875137329,3.06288743019104,0.5510652661323547,84.671,1,3,0.15357571519029214,1,2,0.3136906022496201,-0.3475408268733415,0.6192104286574083,1.5583146650117328,-0.5954769695836403
134,2,3,0,2,6.0,0.22410425543785095,3.112410306930542,3.031872272491455,0.08053816854953766,51.5196,2,2,0.33011375331570136,0,0,-1.306353750111926,2.8345807232100024,-0.5622279095790671,-0.77705717797081,-0.9896260113556687
134,2,3,1,3,7.0,0.20054367184638977,3.3580281734466553,3.084848165512085,0.2731800079345703,57.3845,1,3,0.2615008054224807,1,2,-0.6430798908007057,1.5978232378307766,-0.3532165945238022,1.5583146650117328,-0.5954769695836403
135,3,0,0,3,7.0,0.23880425095558167,3.9586997032165527,3.4636363983154297,0.49506306648254395,46.3439,2,3,0.15111414298851963,0,0,0.12087270137084849,-0.39191099226954906,-0.7466777490190463,-0.77705717797081,-0.9896260113556687
135,3,0,1,2,6.0,0.2319345772266388,4.208913326263428,3.4896833896636963,0.7192299365997314,69.178,1,2,0.17351772483559194,0,0,0.8926885516917629,0.011916541737490793,0.06707615456045551,-0.77705717797081,-0.9896260113556687
135,3,1,0,2,6.0,0.24972239136695862,4.020714282989502,3.455925941467285,0.5647890567779541,58.7057,2,3,0.15336560827356335,0,0,0.3609421838112585,-0.35132803191223116,-0.30613211747372204,-0.77705717797081,-0.9896260113556687
135,3,1,1,0,4.0,0.26491570472717285,4.026549339294434,3.4139246940612793,0.61262446641922,74.7637,1,2,0.10703500981377247,0,1,0.5256414872739967,-1.1864432136184402,0.2661374348046528,0.3906287435204613,-0.9896260113556687
135,3,2,0,0,4.0,0.21647895872592926,4.246092796325684,3.5217113494873047,0.7243813872337341,46.5223,2,3,0.1720441207147573,0,0,0.9104252103219632,-0.014645367973256138,-0.7403199903861863,-0.77705717797081,-0.9896260113556687
135,3,2,1,1,5.0,0.2126682549715042,4.190617084503174,3.5545177459716797,0.6360997557640076,48.5876,1,2,0.2264917052560489,0,1,0.606467884134982,0.966779564345007,-0.6667175301594752,0.3906287435204613,-0.9896260113556687
135,3,3,0,1,5.0,0.24831338226795197,4.1667585372924805,3.441190004348755,0.7255685925483704,51.1867,2,3,0.1954468697229345,0,0,0.9145128075612093,0.40719228662450235,-0.5740916867588821,-0.77705717797081,-0.9896260113556687
135,3,3,1,3,7.0,0.21831244230270386,4.227319240570068,3.515557050704956,0.7117622494697571,61.004,1,2,0.13118625168082385,0,1,0.8669769945417762,-0.7511138759726633,-0.22422608235095534,0.3906287435204613,-0.9896260113556687
136,0,0,0,3,7.0,0.21807517111301422,3.5427422523498535,3.0812628269195557,0.461479514837265,104.9155,1,2,0.14300068830997972,8,1,0.005243137303923871,-0.5381570888748924,1.3406770466110483,0.3906287435204613,2.16356632282056
136,0,0,1,1,5.0,0.2319461852312088,3.420154571533203,3.051800489425659,0.3683541715145111,96.488,2,3,0.11403217780726489,8,2,-0.3153912901005541,-1.0603183325555359,1.0403406627633711,1.5583146650117328,2.16356632282056
136,0,1,0,2,6.0,0.24147124588489532,3.4291348457336426,3.0446441173553467,0.38449063897132874,116.744,1,2,0.1199442430618681,8,0,-0.25983276200561883,-0.9537525722698829,1.7622171138127398,-0.77705717797081,2.16356632282056
136,0,1,1,3,7.0,0.23879727721214294,3.300053596496582,3.0634658336639404,0.2365877479314804,172.9384,2,3,0.13889274702075058,7,2,-0.7690685627872688,-0.612203275417688,3.7648540629067684,1.5583146650117328,1.7694172810485311
136,0,2,0,0,4.0,0.2033349871635437,3.627169609069824,3.1166603565216064,0.5105094313621521,94.2557,1,2,0.12734500521053313,8,1,0.17405517761138106,-0.8203528530344253,0.9607867132334786,0.3906287435204613,2.16356632282056
136,0,2,1,2,6.0,0.2084977626800537,3.518664836883545,3.1122472286224365,0.40641769766807556,92.5484,2,3,0.17324154418850413,7,1,-0.18433698761121753,0.00693834894603252,0.8999425354650846,0.3906287435204613,1.7694172810485311
136,0,3,0,1,5.0,0.21262754499912262,3.486405611038208,3.0893726348876953,0.3970334827899933,84.8817,1,2,0.11784198332771621,7,1,-0.2166472294499642,-0.9916460827843988,0.626719283724356,0.3906287435204613,1.7694172810485311
136,0,3,1,0,4.0,0.22365808486938477,3.5886361598968506,3.0629310607910156,0.5257049798965454,91.7668,2,3,0.08719783226188997,8,1,0.22637408275126358,-1.5440109698423568,0.8720881400197753,0.3906287435204613,2.16356632282056
137,1,0,0,0,4.0,0.21704846620559692,2.619126558303833,2.2414824962615967,0.37764397263526917,44.5794,1,3,0.2244366639734267,7,0,-0.28340611875216615,0.9297371726815316,-0.809560400967931,-0.77705717797081,1.7694172810485311
137,1,0,1,1,5.0,0.2243579924106598,2.674234390258789,2.233644962310791,0.44058936834335327,135.7777,2,2,0.11803161624380609,5,1,-0.06668250528143307,-0.9882279243223336,2.4405336524352896,0.3906287435204613,0.981119197504474
137,1,1,0,1,5.0,0.23394791781902313,2.5487334728240967,2.2233517169952393,0.32538169622421265,59.1717,1,3,0.1352511952824383,7,0,-0.46334730848648953,-0.6778427284515726,-0.28952496768161073,-0.77705717797081,1.7694172810485311
137,1,1,1,3,7.0,0.28117769956588745,2.5414254665374756,2.1701202392578125,0.3713054955005646,122.9184,2,2,0.11407181798700723,7,0,-0.30522975895780513,-1.0596038130585101,1.9822582847921644,-0.77705717797081,1.7694172810485311
137,1,2,0,3,7.0,0.23476126790046692,2.4487240314483643,2.20967698097229,0.23904742300510406,58.5383,1,3,0.1423327989922838,7,0,-0.7605997992832346,-0.5501958824033495,-0.31209786184110283,-0.77705717797081,1.7694172810485311
137,1,2,1,2,6.0,0.2244296818971634,2.6196393966674805,2.2197887897491455,0.3998507559299469,62.8032,2,2,0.16846276046448552,6,0,-0.20694724094156933,-0.07919986145248005,-0.16010680358278676,-0.77705717797081,1.3752682392765025
137,1,3,0,2,6.0,0.1959857940673828,2.7810280323028564,2.270536184310913,0.5104919075965881,62.547,1,3,0.1919216959480532,8,0,0.1739948425582463,0.34365056181576864,-0.16923717220239812,-0.77705717797081,2.16356632282056
137,1,3,1,0,4.0,0.2109723687171936,2.8118135929107666,2.2432990074157715,0.568514347076416,86.8478,2,2,0.11517592546735511,4,1,0.37376851313412657,-1.0397021292960151,0.6967864880296567,0.3906287435204613,0.5869701557324454
139,3,0,0,3,7.0,0.23803609609603882,3.6142821311950684,3.592195510864258,0.022086739540100098,50.9758,2,3,0.11775372984939297,1,0,-1.5076044494673104,-0.9932368634355505,-0.58160766935793,-0.77705717797081,-0.5954769695836403
139,3,0,1,2,6.0,0.2230522334575653,3.7130796909332275,3.617133378982544,0.09594643115997314,41.847,1,2,0.21518487967578812,1,0,-1.2533024615677077,0.7629725337240926,-0.9069367445129198,-0.77705717797081,-0.5954769695836403
139,3,1,0,2,6.0,0.2688341736793518,3.6634960174560547,3.546557903289795,0.11693844199180603,61.4824,2,3,0.13042613478888898,1,0,-1.1810260958333463,-0.7648150837582061,-0.2071770255686677,-0.77705717797081,-0.5954769695836403
139,3,1,1,0,4.0,0.25721243023872375,3.9418673515319824,3.5618221759796143,0.38004523515701294,54.484,1,2,0.18360785768187735,1,1,-0.2751384720919146,0.19379252446796413,-0.45658362879852055,0.3906287435204613,-0.5954769695836403
139,3,2,0,0,4.0,0.2292715311050415,3.6998424530029297,3.6062426567077637,0.09359976649284363,52.3642,2,3,0.13642857282069973,1,0,-1.2613821255454032,-0.6566203421779456,-0.532128341522378,-0.77705717797081,-0.5954769695836403
139,3,2,1,1,5.0,0.23464757204055786,3.7039248943328857,3.5982067584991455,0.10571815818548203,48.5214,1,2,0.12915335669574052,1,0,-1.2196579993001375,-0.787757077685909,-0.669076743284449,-0.77705717797081,-0.5954769695836403
139,3,3,0,1,5.0,0.23179779946804047,3.6173653602600098,3.601738214492798,0.015627197921276093,44.1018,2,3,0.11343553118456189,0,0,-1.529844919723284,-1.0710729670583787,-0.8265809476218202,-0.77705717797081,-0.9896260113556687
139,3,3,1,3,7.0,0.21841327846050262,3.921783208847046,3.6250224113464355,0.29676100611686707,47.2888,1,2,0.149361054745094,1,0,-0.5618895340188548,-0.4235106403558134,-0.7130037236143981,-0.77705717797081,-0.5954769695836403
140,0,0,0,3,7.0,0.24646814167499542,3.393477439880371,3.1404404640197754,0.25303715467453003,60.2716,1,2,0.06645213701766131,1,0,-0.7124325717238953,-1.917954877960479,-0.2503271048997585,-0.77705717797081,-0.5954769695836403
140,0,0,1,1,5.0,0.22767731547355652,3.409865379333496,3.1791648864746094,0.23070038855075836,62.7257,2,3,0.11163473115964563,1,0,-0.7893389858172257,-1.1035326263336556,-0.1628687222713887,-0.77705717797081,-0.5954769695836403
140,0,1,0,2,6.0,0.25006991624832153,3.299126386642456,3.1399121284484863,0.1592140942811966,44.3898,1,2,0.24792810986370717,1,0,-1.035469267999912,1.3531736003423818,-0.8163173013983693,-0.77705717797081,-0.5954769695836403
140,0,1,1,3,7.0,0.2141765058040619,3.3010754585266113,3.237173557281494,0.06390157341957092,69.1785,2,3,0.21690091965989933,1,0,-1.3636342385711149,0.7939043820227909,0.06709397339070465,-0.77705717797081,-0.5954769695836403
140,0,2,0,0,4.0,0.2191685289144516,3.3936407566070557,3.213005542755127,0.1806352138519287,43.1244,1,2,0.16240771761474107,1,0,-0.961715463043508,-0.1883428118525652,-0.861413196992656,-0.77705717797081,-0.5954769695836403
140,0,2,1,2,6.0,0.22526173293590546,3.329343557357788,3.1796422004699707,0.14970164000988007,67.735399,2,3,0.20675986613775524,2,1,-1.068221043399269,0.6111105473567499,0.01566522988824642,0.3906287435204613,-0.20132792781161168
140,0,3,0,1,5.0,0.21997062861919403,3.2086262702941895,3.18761944770813,0.0210065096616745,38.259,1,2,0.26297519617949633,1,0,-1.511323725833721,1.624399326763011,-1.034804670380077,-0.77705717797081,-0.5954769695836403
140,0,3,1,0,4.0,0.22959594428539276,3.2852671146392822,3.167904853820801,0.11736196279525757,57.4508,2,3,0.15671606705358124,1,1,-1.179567896105288,-0.2909355680570076,-0.35085381763277873,0.3906287435204613,-0.5954769695836403
141,1,0,0,0,4.0,0.23330329358577728,3.9830596446990967,3.330437660217285,0.6526226997375488,34.5395,1,3,0.20280332133896548,1,0,0.6633570669391888,0.5397933026326681,-1.1673589486027334,-0.77705717797081,-0.5954769695836403
141,1,0,1,1,5.0,0.23120006918907166,4.073331356048584,3.339834451675415,0.7334967255592346,38.7036,2,2,0.10340914085100553,1,1,0.9418096990155025,-1.251799982543235,-1.0189601665226249,0.3906287435204613,-0.5954769695836403
141,1,1,0,1,5.0,0.26219379901885986,3.95078182220459,3.3194615840911865,0.6313202977180481,37.1158,1,3,0.21567644220140947,1,0,0.5900120114456461,0.7718330134405484,-1.0755456438614968,-0.77705717797081,-0.5954769695836403
141,1,1,1,3,7.0,0.27226075530052185,3.9538543224334717,3.29567813873291,0.6581764221191406,69.1651,2,2,0.1880109740559318,1,1,0.6824787639149897,0.27315928106152176,0.06661642874003006,0.3906287435204613,-0.5954769695836403
141,1,2,0,3,7.0,0.2022528350353241,4.256631851196289,3.4013900756835938,0.8552412390708923,42.2469,1,3,0.23683269427977993,2,0,1.360981118809982,1.1531772629430501,-0.8926852440797326,-0.77705717797081,-0.20132792781161168
141,1,2,1,2,6.0,0.21658135950565338,4.3522419929504395,3.3642053604125977,0.988036572933197,52.9754,2,2,0.19260326794972416,1,1,1.8182009723503558,0.35593598753750405,-0.5103466034259434,0.3906287435204613,-0.5954769695836403
141,1,3,0,2,6.0,0.2171856015920639,4.113403797149658,3.3693203926086426,0.7440829873085022,51.3539,1,3,0.1753319618477651,2,0,0.9782586381895177,0.04461840449011681,-0.5681330699236009,-0.77705717797081,-0.20132792781161168
141,1,3,1,0,4.0,0.21958309412002563,4.211083889007568,3.3573830127716064,0.8537009954452515,49.3196,2,2,0.22313052121261298,0,0,1.3556779959934662,0.9061937761942649,-0.6406307626748712,-0.77705717797081,-0.9896260113556687
142,2,0,0,0,4.0,0.2246401607990265,4.283652305603027,4.056959629058838,0.22669269144535065,63.8022,2,2,0.2665408175904397,4,2,-0.8031376535134017,1.6886701255760197,-0.12450478074519192,1.5583146650117328,0.5869701557324454
142,2,0,1,2,6.0,0.21615424752235413,4.387784004211426,4.073054313659668,0.3147294223308563,51.7404,1,3,0.19334880123743234,8,2,-0.5000235302161059,0.3693743239227504,-0.5543591141410881,1.5583146650117328,2.16356632282056
142,2,1,0,1,5.0,0.24291430413722992,4.055230617523193,4.0218353271484375,0.03339545801281929,73.6645,2,2,0.14936905154725968,6,2,-1.4686680617687236,-0.4233664969362231,0.22696451838514928,1.5583146650117328,1.3752682392765025
142,2,1,1,0,4.0,0.2412661612033844,4.278474807739258,4.030460834503174,0.24801433086395264,63.9009,1,3,0.2191598974957851,8,2,-0.7297263628552356,0.8346227571053683,-0.12098734365403012,1.5583146650117328,2.16356632282056
142,2,2,0,3,7.0,0.21628861129283905,4.10727596282959,4.072612285614014,0.03466365486383438,53.5856,2,2,0.18669673728781916,7,2,-1.4643016073036688,0.2494699890192464,-0.48860050299000723,1.5583146650117328,1.7694172810485311
142,2,2,1,1,5.0,0.23766957223415375,4.267001152038574,4.026106834411621,0.24089428782463074,55.25,1,3,0.1800885135043874,8,2,-0.7542409669528123,0.13035587892534425,-0.4292851808569815,1.5583146650117328,2.16356632282056
142,2,3,0,2,6.0,0.24939586222171783,4.071927070617676,4.0002055168151855,0.07172159850597382,46.9101,2,2,0.27725289302730305,7,2,-1.3367095671937712,1.8817567059850902,-0.726499705645026,1.5583146650117328,1.7694172810485311
142,2,3,1,3,7.0,0.1985786259174347,4.5214409828186035,4.1113433837890625,0.41009801626205444,43.3471,1,3,0.13849488376816882,10,2,-0.17166549773593515,-0.6193748133109963,-0.8534766899997309,1.5583146650117328,2.9518644063646167
143,3,0,0,3,7.0,0.2461199313402176,3.4914450645446777,3.2068283557891846,0.2846165597438812,52.153,2,3,0.1342783974832392,6,0,-0.6037033676114045,-0.6953775377967752,-0.5396550154195751,-0.77705717797081,1.3752682392765025
143,3,0,1,2,6.0,0.21991129219532013,4.0549468994140625,3.26548433303833,0.7894624471664429,55.7517,1,2,0.10766445296588652,1,0,1.1345020044775447,-1.1750974173234137,-0.4114057665850883,-0.77705717797081,-0.5954769695836403
143,3,1,0,2,6.0,0.22355850040912628,3.465660810470581,3.2792768478393555,0.18638446927070618,62.8483,2,3,0.1591687570830097,5,0,-0.9419205376942084,-0.24672550499527512,-0.15849954509432257,-0.77705717797081,0.981119197504474
143,3,1,1,0,4.0,0.2505106031894684,3.91652512550354,3.200389862060547,0.716135561466217,50.5528,1,2,0.13852800145652297,1,0,0.8820344895030158,-0.6187778625862702,-0.5966823997486232,-0.77705717797081,-0.5954769695836403
143,3,2,0,0,4.0,0.2324390858411789,3.6888866424560547,3.237759828567505,0.45112690329551697,57.9834,2,3,0.17252563730970422,2,0,-0.03040133449496102,-0.0059659674895210365,-0.3318731996514944,-0.77705717797081,-0.20132792781161168
143,3,2,1,1,5.0,0.22827909886837006,3.6989917755126953,3.2516140937805176,0.4473775327205658,45.8007,1,2,0.24181457658267638,1,0,-0.043310573210572086,1.2429763521612274,-0.7660361262016102,-0.77705717797081,-0.5954769695836403
143,3,3,0,1,5.0,0.22977764904499054,3.7615091800689697,3.237122058868408,0.5243868827819824,64.9584,2,3,0.1539992053641003,3,0,0.22183581960492912,-0.33990736032622726,-0.08330051767729703,-0.77705717797081,0.19282111396041687
143,3,3,1,3,7.0,0.2063528448343277,4.158756256103516,3.3003275394439697,0.8584288954734802,43.5341,1,2,0.2068342637044936,1,0,1.3719563522849738,0.6124515733639818,-0.8468124474865873,-0.77705717797081,-0.5954769695836403
145,1,0,0,0,4.0,0.2654924988746643,3.5586891174316406,3.0556554794311523,0.5030338168144226,46.3898,1,3,0.2372438305820238,0,0,0.14831632603259529,1.1605880493168197,-0.7450419804021836,-0.77705717797081,-0.9896260113556687
145,1,0,1,1,5.0,0.2359265834093094,3.8737151622772217,3.1194803714752197,0.7542350888252258,67.9897,2,2,0.22068981751894623,0,0,1.0132127456389286,0.8621997684242921,0.024727922590571858,-0.77705717797081,-0.9896260113556687
145,1,1,0,1,5.0,0.29479289054870605,3.6466164588928223,3.011615753173828,0.6350011825561523,42.9689,1,3,0.1862808789663274,0,0,0.6026854509229855,0.24197408762228861,-0.8669548532001096,-0.77705717797081,-0.9896260113556687
145,1,1,1,3,7.0,0.21639983355998993,3.9595742225646973,3.2023489475250244,0.7572250962257385,50.1647,2,2,0.2592595547117433,0,0,1.0235074653853662,1.5574243965300094,-0.6105133757879329,-0.77705717797081,-0.9896260113556687
145,1,2,0,3,7.0,0.21472054719924927,3.72796630859375,3.182640314102173,0.545325756072998,55.8854,1,3,0.2148600813245408,0,0,0.29392923057782916,0.7571180003673695,-0.4066410113764934,-0.77705717797081,-0.9896260113556687
145,1,2,1,2,6.0,0.21209648251533508,4.000694751739502,3.17966890335083,0.8210259079933167,46.055,2,2,0.23895900766841177,2,0,1.2431763119005335,1.191504343769617,-0.7569734691369452,-0.77705717797081,-0.20132792781161168
145,1,3,0,2,6.0,0.22066879272460938,3.8370964527130127,3.1591713428497314,0.6779249906539917,49.4435,1,3,0.16187319663141878,0,0,0.750473906142647,-0.19797762346632816,-0.6362152565391576,-0.77705717797081,-0.9896260113556687
145,1,3,1,0,4.0,0.22901314496994019,4.164926052093506,3.1365482807159424,1.0283775329589844,108.636399,2,2,0.26699712932051994,1,2,1.9570965743132518,1.6968952050278074,1.4732811819207416,1.5583146650117328,-0.5954769695836403
146,2,0,0,0,4.0,0.24877239763736725,3.947882652282715,3.163839340209961,0.7840433716773987,141.2114,2,2,0.10624177511590978,3,1,1.1158439023487896,-1.20074137424799,2.6341780082837762,0.3906287435204613,0.19282111396041687
146,2,0,1,2,6.0,0.24252116680145264,3.8387959003448486,3.1786258220672607,0.6601700782775879,81.0511,1,3,0.0989751127079096,2,1,0.6893430049260504,-1.3317239278733537,0.4902056614203619,0.3906287435204613,-0.20132792781161168
146,2,1,0,1,5.0,0.2729625105857849,3.8985917568206787,3.1334388256073,0.765152633190155,147.351,2,2,0.10181225819588678,2,1,1.0508023046269677,-1.2805840041839305,2.8529789886778674,0.3906287435204613,-0.20132792781161168
146,2,1,1,0,4.0,0.24196475744247437,3.945467710494995,3.193763494491577,0.7517042756080627,143.5093,1,3,0.11150890363749014,1,1,1.004499050550145,-1.1058006841080381,2.716069788342344,0.3906287435204613,-0.5954769695836403
146,2,2,0,3,7.0,0.2143794298171997,3.7638168334960938,3.232465982437134,0.5313510298728943,103.906,2,2,0.1446548583298536,0,0,0.2458136674730024,-0.5083404548869066,1.304700828338224,-0.77705717797081,-0.9896260113556687
146,2,2,1,1,5.0,0.2222372442483902,3.8641607761383057,3.219989538192749,0.644170880317688,162.9766,1,3,0.14055271717151713,5,1,0.6342571014140042,-0.5822820933011351,3.4098388165568667,0.3906287435204613,0.981119197504474
146,2,3,0,2,6.0,0.23028118908405304,3.765164613723755,3.1986052989959717,0.5665593147277832,146.1304,2,2,0.13005138398629396,1,0,0.3670372555054854,-0.7715700166752782,2.8094796602738956,-0.77705717797081,-0.5954769695836403
146,2,3,1,3,7.0,0.21828125417232513,3.8594894409179688,3.2238969802856445,0.6355926394462585,212.1094,1,3,0.14148801054180002,2,1,0.6047218615769187,-0.5654233062610694,5.160816862277563,0.3906287435204613,-0.20132792781161168
147,3,0,0,3,7.0,0.2541343569755554,2.8520586490631104,3.2063817977905273,-0.35432296991348267,32.495899,2,3,0.1231747048426135,9,0,-2.8035987229256984,-0.8955230702408186,-1.2401881072342962,-0.77705717797081,2.5577153645925885
147,3,0,1,2,6.0,0.2215704768896103,3.610151767730713,3.2919764518737793,0.31817519664764404,77.1746,1,2,0.2721917266676604,5,1,-0.48815958603499127,1.790528511129232,0.3520562704995048,0.3906287435204613,0.981119197504474
147,3,1,0,2,6.0,0.24879120290279388,3.050909996032715,3.2319445610046387,-0.18103459477424622,66.29,2,3,0.2112633548620752,9,0,-2.2069596453541522,0.6922865288754506,-0.03584540895803629,-0.77705717797081,2.5577153645925885
147,3,1,1,0,4.0,0.2370871603488922,3.8961966037750244,3.2586586475372314,0.6375375986099243,131.0815,1,2,0.22890488849279866,3,1,0.6114184368110708,1.010277512229226,2.273172071204146,0.3906287435204613,0.19282111396041687
147,3,2,0,0,4.0,0.22012022137641907,3.3254916667938232,3.2927918434143066,0.03269975259900093,48.8764,2,3,0.20469194885157582,9,0,-1.4710634044224278,0.5738360640215107,-0.6564253738076261,-0.77705717797081,2.5577153645925885
147,3,2,1,1,5.0,0.23928964138031006,3.723414659500122,3.2527823448181152,0.4706326723098755,86.4585,1,2,0.12726061122114654,3,1,0.036757838892748994,-0.8218740658856398,0.682912746797749,0.3906287435204613,0.19282111396041687
147,3,3,0,1,5.0,0.22564764320850372,3.2325541973114014,3.278958797454834,-0.0464046373963356,59.4161,2,3,0.23642338700144216,8,0,-1.7434231068015111,1.1457994449677573,-0.2808151234558769,-0.77705717797081,2.16356632282056
147,3,3,1,3,7.0,0.21800342202186584,3.392235279083252,3.2994472980499268,0.09278766810894012,73.9515,1,2,0.17589197526688224,7,1,-1.2641782140324713,0.054712720639946436,0.23719252694810164,0.3906287435204613,1.7694172810485311
149,1,0,0,0,4.0,0.20658305287361145,4.518403053283691,3.9028029441833496,0.6155999302864075,45.8454,1,3,0.17459167372308015,1,0,0.5358861330307578,0.03127461286398986,-0.7644431227773455,-0.77705717797081,-0.5954769695836403
149,1,0,1,1,5.0,0.22755956649780273,4.809906005859375,3.8644449710845947,0.9454607963562012,50.3763,2,2,0.1390177009252621,2,2,1.6716108041213538,-0.609950964717199,-0.6029724468265365,1.5583146650117328,-0.20132792781161168
149,1,1,0,1,5.0,0.2542913854122162,4.435152053833008,3.824558973312378,0.6105928421020508,46.121799,1,3,0.2169239746546028,1,0,0.5186465203144773,0.7943199513599265,-0.754592909053333,-0.77705717797081,-0.5954769695836403
149,1,1,1,3,7.0,0.2454163283109665,4.517929553985596,3.8475708961486816,0.6703585386276245,75.7743,2,2,0.11880670545045563,1,2,0.7244222973496524,-0.9742568385783967,0.3021528545040253,1.5583146650117328,-0.5954769695836403
149,1,2,0,3,7.0,0.20977263152599335,4.52239990234375,3.9109835624694824,0.6114159822463989,44.9334,1,3,0.2003905388946903,1,0,0.5214806260416583,0.4963025790859577,-0.7969446691516061,-0.77705717797081,-0.5954769695836403
149,1,2,1,2,6.0,0.21050480008125305,4.735389709472656,3.9068875312805176,0.8285019993782043,71.3219,2,2,0.11220290773835404,2,2,1.2689168052494726,-1.0932911681495772,0.14347973490231683,1.5583146650117328,-0.20132792781161168
149,1,3,0,2,6.0,0.21691179275512695,4.532409191131592,3.873535394668579,0.6588739156723022,37.5156,1,3,0.18669803193603193,1,0,0.684880263206769,0.24949332522498086,-1.0612977071943592,-0.77705717797081,-0.5954769695836403
149,1,3,1,0,4.0,0.2233898639678955,4.741806983947754,3.8694097995758057,0.8723974823951721,50.2986,2,2,0.21878965562508204,2,3,1.4200507775990765,0.8279490982836335,-0.6057414930472383,2.726000586503004,-0.20132792781161168
150,2,0,0,0,4.0,0.20040281116962433,3.3442864418029785,3.024660348892212,0.31962597370147705,121.0423,2,2,0.09915773765011035,5,0,-0.48316450034349356,-1.3284320890700534,1.9153984699316922,-0.77705717797081,0.981119197504474
150,2,0,1,2,6.0,0.23998653888702393,3.1895158290863037,2.9401066303253174,0.24940942227840424,56.6953,1,3,0.12351822246690594,5,1,-0.7249230051344562,-0.8893311195048651,-0.3777780701390878,0.3906287435204613,0.981119197504474
150,2,1,0,1,5.0,0.2348470836877823,3.2846949100494385,2.9666800498962402,0.31801506876945496,150.1718,2,2,0.09990029950109791,3,0,-0.48871091297460545,-1.3150473132257747,2.9535057014108874,-0.77705717797081,0.19282111396041687
150,2,1,1,0,4.0,0.2517070174217224,3.1837193965911865,2.927807092666626,0.25591224431991577,50.6527,1,3,0.19750667572563954,5,1,-0.7025335185844095,0.444320562999379,-0.5931221974648636,0.3906287435204613,0.981119197504474
150,2,2,0,3,7.0,0.18707269430160522,3.4490466117858887,3.052690029144287,0.3963565528392792,119.4989,2,2,0.06695955893738528,3,0,-0.21897792740388122,-1.9088085305620146,1.8603953047189359,-0.77705717797081,0.19282111396041687
150,2,2,1,1,5.0,0.23078273236751556,3.147895097732544,2.9633498191833496,0.1845453828573227,50.0098,1,3,0.2400561731445158,5,1,-0.9482525886490046,1.2112808969849524,-0.6160336493990877,0.3906287435204613,0.981119197504474
150,2,3,0,2,6.0,0.2129794806241989,3.25071120262146,2.9927761554718018,0.25793522596359253,91.0677,2,2,0.07688446571337251,3,0,-0.6955683087089193,-1.72991076966132,0.8471738515655586,-0.77705717797081,0.19282111396041687
150,2,3,1,3,7.0,0.2263919711112976,3.2253732681274414,2.9651553630828857,0.2602180242538452,51.8534,1,3,0.09646941244339657,5,1,-0.6877085393211348,-1.3768895074528222,-0.5503320585048036,0.3906287435204613,0.981119197504474
