id,block,model,method,trial_id,task_trial_id,luminance,pupilDiameter,pupil_lum_base,adj_pupil,total_time,target_id,IPA,seq,PointPlaced,Move,Draw,Erase,PointDeleted
108,0,A,bimanual,2.0,6.0,0.28084295988082886,4.402825355529785,3.6516425609588623,0.751182496547699,98.303,2,0.11191190294999775,1,19,6,0,0,0
108,0,A,unimanual,0.0,0.0,0.2593856453895569,5.1043806076049805,3.717137098312378,1.3872432708740234,62.7652,1,0.10700932708276159,2,0,0,4,0,0
108,0,B,bimanual,0.0,4.0,0.3208174705505371,4.189030170440674,3.5409843921661377,0.6480458974838257,95.2104,2,0.11556940520629665,2,17,3,0,0,0
108,0,B,unimanual,1.0,1.0,0.26331284642219543,4.835740089416504,3.714536428451538,1.1212035417556763,40.4416,1,0.09893643334157803,2,0,0,4,0,0
108,0,C,bimanual,1.0,5.0,0.23759804666042328,4.375924110412598,3.7836360931396484,0.5922877788543701,36.4409,2,0.16469264235620273,1,12,1,0,0,0
108,0,C,unimanual,3.0,3.0,0.26917141675949097,5.13735818862915,3.6850130558013916,1.4523454904556274,50.2476,1,0.13937226730804456,1,0,0,5,0,0
108,0,D,bimanual,3.0,7.0,0.24193572998046875,4.408750057220459,3.7729599475860596,0.6357899308204651,82.8572,2,0.04828410366597057,1,24,14,0,0,0
108,0,D,unimanual,2.0,2.0,0.20578986406326294,5.373013973236084,3.903066873550415,1.4699472188949585,47.5624,1,0.2734010246229169,2,0,0,1,0,0
109,1,A,bimanual,3.0,7.0,0.25284987688064575,3.3183846473693848,2.8398308753967285,0.4785538911819458,24.8317,1,0.20949779189327347,0,7,0,0,0,0
109,1,A,unimanual,2.0,2.0,0.2559684216976166,3.453598737716675,2.838101625442505,0.6154969334602356,32.8594,2,0.1250160176772649,0,0,0,2,0,0
109,1,B,bimanual,2.0,6.0,0.28503668308258057,3.2718658447265625,2.7900657653808594,0.4817998707294464,41.9074,1,0.17344721381829173,0,9,0,0,0,0
109,1,B,unimanual,0.0,0.0,0.2750941812992096,3.3870162963867188,2.8103702068328857,0.576646089553833,36.7729,2,0.11181992519247005,1,0,0,2,0,0
109,1,C,bimanual,0.0,4.0,0.23328696191310883,3.2239177227020264,2.875897169113159,0.3480207026004791,42.7586,1,0.1671925269717373,1,6,1,0,0,0
109,1,C,unimanual,1.0,1.0,0.25892648100852966,3.5370655059814453,2.8465564250946045,0.6905087828636169,26.454,2,0.2741582363009004,0,0,0,1,0,0
109,1,D,bimanual,1.0,5.0,0.2483350932598114,3.3086674213409424,2.8499157428741455,0.45875152945518494,20.3729,1,0.2053440796735029,0,6,0,0,0,0
109,1,D,unimanual,3.0,3.0,0.20852327346801758,3.402773380279541,2.9278151988983154,0.4749581515789032,22.2615,2,0.1914709275330407,0,0,0,1,0,0
110,2,A,bimanual,3.0,3.0,0.2897622883319855,3.6159396171569824,2.765720844268799,0.8502189517021179,72.0564,1,0.2107434184830408,0,8,17,0,0,0
110,2,A,unimanual,1.0,5.0,0.2854355573654175,3.6208953857421875,2.7708773612976074,0.8500179648399353,50.2118,2,0.18231429769493956,0,0,0,12,0,0
110,2,B,bimanual,2.0,2.0,0.2906225323677063,3.630002737045288,2.772921323776245,0.8570816516876221,108.7897,1,0.12987940697062778,0,6,13,0,0,0
110,2,B,unimanual,3.0,7.0,0.2984011769294739,3.521521806716919,2.766146183013916,0.7553759217262268,41.5499,2,0.14696876913655846,0,0,0,10,0,0
110,2,C,bimanual,0.0,0.0,0.27142244577407837,3.4423418045043945,2.790041923522949,0.6522998809814453,86.636,1,0.19830808210421205,1,7,17,0,0,0
110,2,C,unimanual,2.0,6.0,0.20886218547821045,3.6223180294036865,2.862535238265991,0.7597828507423401,36.381,2,0.25269257982277826,0,0,0,6,1,0
110,2,D,bimanual,1.0,1.0,0.23034538328647614,3.5825304985046387,2.833937644958496,0.7485929131507874,55.3785,1,0.2195277226925807,0,5,10,0,0,0
110,2,D,unimanual,0.0,4.0,0.22580842673778534,3.86023211479187,2.830475091934204,1.029757022857666,20.2167,2,0.2590445401182279,0,0,0,5,0,0
111,3,A,bimanual,1.0,1.0,0.24104464054107666,3.824050188064575,3.0772058963775635,0.7468442916870117,110.9123,2,0.14427880436154825,0,9,8,0,0,1
111,3,A,unimanual,0.0,4.0,0.2146151214838028,3.9941163063049316,3.0975139141082764,0.896602213382721,34.3194,1,0.32060343395423535,0,0,0,1,0,0
111,3,B,bimanual,3.0,3.0,0.2460775524377823,3.74354887008667,3.0773708820343018,0.6661780476570129,63.4422,2,0.20494840029890937,0,7,2,0,0,0
111,3,B,unimanual,1.0,5.0,0.2267409861087799,3.7603890895843506,3.0865731239318848,0.6738156080245972,41.7261,1,0.24079558862481637,0,0,0,1,0,0
111,3,C,bimanual,2.0,2.0,0.22241374850273132,3.8534417152404785,3.0960798263549805,0.757361888885498,55.8985,2,0.2326043275140502,0,8,0,0,0,1
111,3,C,unimanual,3.0,7.0,0.18317580223083496,3.8240509033203125,3.1304826736450195,0.6935681700706482,22.5612,1,0.2676575945611977,0,0,0,1,0,0
111,3,D,bimanual,0.0,0.0,0.22765463590621948,3.85085391998291,3.0907227993011475,0.7601312398910522,48.8918,2,0.12280310364377275,0,6,0,0,0,1
111,3,D,unimanual,2.0,6.0,0.19955384731292725,3.921828031539917,3.112942934036255,0.8088850378990173,17.1179,1,0.2922865577412095,0,0,0,1,0,0
112,0,A,bimanual,2.0,6.0,0.23552697896957397,3.2261781692504883,2.903153419494629,0.3230246901512146,63.9794,2,0.19003127598083852,3,10,2,0,0,0
112,0,A,unimanual,0.0,0.0,0.228825643658638,3.737572193145752,2.915630578994751,0.8219415545463562,69.8619,1,0.11593430003217177,3,0,0,2,0,0
112,0,B,bimanual,0.0,4.0,0.2463054656982422,3.136197566986084,2.8814234733581543,0.2547743022441864,60.6607,2,0.15037593984962405,4,11,0,0,0,0
112,0,B,unimanual,1.0,1.0,0.23100821673870087,3.5399913787841797,2.9096643924713135,0.630327045917511,70.3587,1,0.17276179891102478,0,0,0,1,0,0
112,0,C,bimanual,1.0,5.0,0.2014283686876297,3.136317491531372,2.9805593490600586,0.15575776994228363,48.2847,2,0.08424865991975315,4,10,2,0,0,0
112,0,C,unimanual,3.0,3.0,0.1823200136423111,3.5408551692962646,3.036029577255249,0.5048259496688843,31.3011,1,0.29577048210588586,2,0,0,1,0,0
112,0,D,bimanual,3.0,7.0,0.202401801943779,3.1519582271575928,2.9776084423065186,0.1743496209383011,70.9722,2,0.15649385477085742,4,9,6,0,0,0
112,0,D,unimanual,2.0,2.0,0.20624208450317383,3.5973401069641113,2.968522548675537,0.6288179159164429,32.692,1,0.09445040881285281,2,0,0,1,0,0
114,2,A,bimanual,3.0,3.0,0.28406548500061035,3.8601267337799072,3.7401742935180664,0.11995232850313187,47.3708,1,0.10737378748150488,0,11,0,0,0,0
114,2,A,unimanual,1.0,5.0,0.26375290751457214,4.0326642990112305,3.775275707244873,0.2573886811733246,41.5676,2,0.0984222906803933,0,0,0,7,0,0
114,2,B,bimanual,2.0,2.0,0.3089348077774048,3.7565419673919678,3.698387384414673,0.05815456062555313,45.487,1,0.06714639032196694,0,8,0,0,0,0
114,2,B,unimanual,3.0,7.0,0.2418016791343689,3.8709187507629395,3.819020986557007,0.05189792066812515,48.8072,2,0.16651645494793238,0,0,0,9,4,0
114,2,C,bimanual,0.0,0.0,0.2970121204853058,3.6372249126434326,3.7190232276916504,-0.08179822564125061,68.2284,1,0.08909281243735662,0,8,2,0,0,2
114,2,C,unimanual,2.0,6.0,0.20831552147865295,3.9815330505371094,3.883291006088257,0.09824227541685104,30.0081,2,0.06839524242693677,0,0,0,7,0,0
114,2,D,bimanual,1.0,1.0,0.28474053740501404,3.632519006729126,3.738276481628418,-0.10575778782367706,36.08,1,0.11381776069246725,0,5,0,0,0,0
114,2,D,unimanual,0.0,4.0,0.19948254525661469,4.014826774597168,3.899308443069458,0.11551832407712936,23.9358,2,0.17241304994375026,0,0,0,6,0,0
116,0,A,bimanual,2.0,6.0,0.2422134280204773,3.610703229904175,3.1141436100006104,0.4965595006942749,125.888,2,0.19970603271983642,0,11,26,0,0,1
116,0,A,unimanual,0.0,0.0,0.23712535202503204,3.971074104309082,3.1225380897521973,0.8485360145568848,113.6205,1,0.1937658480646755,0,0,0,1,0,0
116,0,B,bimanual,0.0,4.0,0.2760171592235565,3.4968883991241455,3.0627410411834717,0.4341476857662201,105.663,2,0.19876124420752947,0,6,9,0,0,0
116,0,B,unimanual,1.0,1.0,0.2461070716381073,3.6181764602661133,3.1079063415527344,0.5102697014808655,78.7471,1,0.16516031985201635,0,0,0,1,0,0
116,0,C,bimanual,1.0,5.0,0.26872017979621887,3.4760913848876953,3.0711400508880615,0.40495166182518005,197.5057,2,0.18735239669287576,0,7,11,0,0,0
116,0,C,unimanual,3.0,3.0,0.21445249021053314,3.776211738586426,3.1761651039123535,0.6000465750694275,39.221,1,0.178636594471963,0,0,0,1,0,0
116,0,D,bimanual,3.0,7.0,0.1959664523601532,3.7846338748931885,3.2037353515625,0.5808985233306885,81.7185,2,0.2582701801250028,0,7,10,0,0,0
116,0,D,unimanual,2.0,2.0,0.20105768740177155,3.8500101566314697,3.199694871902466,0.6503149271011353,37.1068,1,0.3793010024383636,0,0,0,1,0,0
117,1,A,bimanual,3.0,7.0,0.2701680362224579,4.248850345611572,4.121146202087402,0.12770389020442963,50.5491,1,0.09952724558347849,1,8,4,0,0,0
117,1,A,unimanual,2.0,2.0,0.2215643972158432,4.669795989990234,4.222785949707031,0.447010338306427,33.9763,2,0.09019626707715989,1,0,0,1,0,0
117,1,B,bimanual,2.0,6.0,0.284807413816452,3.955617666244507,4.097184658050537,-0.14156679809093475,102.9311,1,0.13634858489647247,2,10,10,0,0,3
117,1,B,unimanual,0.0,0.0,0.27413409948349,4.565771102905273,4.121373653411865,0.4443967938423157,106.4424,2,0.11348762606583795,2,0,0,2,17,0
117,1,C,bimanual,0.0,4.0,0.23823769390583038,4.334503650665283,4.189842700958252,0.14466093480587006,43.3727,1,0.1177631594442521,0,5,0,0,0,4
117,1,C,unimanual,1.0,1.0,0.21451206505298615,4.512818336486816,4.248592853546143,0.26422613859176636,29.4171,2,0.1399271679091033,0,0,0,1,0,0
117,1,D,bimanual,1.0,5.0,0.2570215165615082,4.217454433441162,4.14711856842041,0.07033592462539673,30.1043,1,0.10226656803624327,0,5,0,0,0,0
117,1,D,unimanual,3.0,3.0,0.21793633699417114,4.578886032104492,4.244919300079346,0.33396652340888977,18.1383,2,0.11507479861910243,0,0,0,2,0,0
118,2,A,bimanual,3.0,3.0,0.23360922932624817,4.191834449768066,4.072953224182129,0.11888088285923004,42.8183,1,0.2635374390869146,0,5,8,0,0,0
118,2,A,unimanual,1.0,5.0,0.22646501660346985,4.206629276275635,4.094269752502441,0.11235968768596649,54.1993,2,0.24432186586729562,0,0,0,6,10,0
118,2,B,bimanual,2.0,2.0,0.26069048047065735,4.255307197570801,4.0006232261657715,0.25468385219573975,51.2262,1,0.15952938830450172,0,6,6,0,0,0
118,2,B,unimanual,3.0,7.0,0.2427661269903183,4.23773193359375,4.047693729400635,0.19003868103027344,34.8771,2,0.20651343369886213,0,0,0,6,0,0
118,2,C,bimanual,0.0,0.0,0.2237924337387085,4.381277084350586,4.1034674644470215,0.27780964970588684,73.08,1,0.19404745569134257,1,6,10,0,0,0
118,2,C,unimanual,2.0,6.0,0.20165474712848663,4.3507256507873535,4.171035289764404,0.1796901524066925,22.0792,2,0.37631651982482467,0,0,0,1,0,0
118,2,D,bimanual,1.0,1.0,0.20895613729953766,4.326735973358154,4.148841857910156,0.17789453268051147,52.3836,1,0.25068504509438294,0,7,8,0,0,0
118,2,D,unimanual,0.0,4.0,0.20139171183109283,4.501625061035156,4.169173717498779,0.3324516713619232,46.5315,2,0.28346216325240126,0,0,0,6,7,0
119,3,A,bimanual,1.0,1.0,0.2351934015750885,3.2563445568084717,3.045421600341797,0.21092277765274048,69.0619,2,0.2174685214315228,1,7,12,0,0,0
119,3,A,unimanual,0.0,4.0,0.211516872048378,3.3785483837127686,3.081101417541504,0.29744699597358704,36.6252,1,0.169098395538057,0,0,0,11,1,0
119,3,B,bimanual,3.0,3.0,0.24116022884845734,3.2015955448150635,3.036771297454834,0.16482411324977875,40.2411,2,0.25240032711082394,0,8,2,0,0,0
119,3,B,unimanual,1.0,5.0,0.23707936704158783,3.287954092025757,3.0412368774414062,0.24671730399131775,22.9005,1,0.23328076740041245,0,0,0,5,0,0
119,3,C,bimanual,2.0,2.0,0.21657535433769226,3.1379880905151367,3.074738025665283,0.06324993073940277,37.9823,2,0.15934815979433464,1,7,5,0,0,0
119,3,C,unimanual,3.0,7.0,0.1918860822916031,3.259779691696167,3.1146130561828613,0.1451665461063385,15.0836,1,0.21303338233101127,0,0,0,1,0,0
119,3,D,bimanual,0.0,0.0,0.21978625655174255,3.2102482318878174,3.069401741027832,0.14084620773792267,85.2242,2,0.234747845601647,2,11,12,0,0,0
119,3,D,unimanual,2.0,6.0,0.18746186792850494,3.4450695514678955,3.12058424949646,0.32448506355285645,11.2614,1,0.19919326726756637,0,0,0,3,0,0
120,0,A,bimanual,2.0,6.0,0.3234986662864685,2.9341464042663574,2.2604594230651855,0.6736869812011719,67.1165,2,0.07485466965885733,2,6,17,0,0,0
120,0,A,unimanual,0.0,0.0,0.29074615240097046,3.0470223426818848,2.295670986175537,0.7513517141342163,42.0142,1,0.214660347702061,0,0,0,3,0,0
120,0,B,bimanual,0.0,4.0,0.27925989031791687,2.8374695777893066,2.2997374534606934,0.5377318263053894,114.8506,2,0.13935485669094924,3,9,20,0,0,3
120,0,B,unimanual,1.0,1.0,0.29104211926460266,2.9506776332855225,2.29343318939209,0.6572447419166565,29.4719,1,0.2721736467866499,0,0,0,1,0,0
120,0,C,bimanual,1.0,5.0,0.23707939684391022,2.8094685077667236,2.3482792377471924,0.4611893594264984,92.0437,2,0.11955001374825157,2,8,24,0,0,0
120,0,C,unimanual,3.0,3.0,0.18441174924373627,2.9270994663238525,2.4284729957580566,0.4986264705657959,25.553,1,0.23530795929172305,0,0,0,1,0,0
120,0,D,bimanual,3.0,7.0,0.1822545826435089,2.839261531829834,2.4363932609558105,0.40286827087402344,78.3635,2,0.06383828995095943,1,6,23,0,0,0
120,0,D,unimanual,2.0,2.0,0.20614850521087646,3.0812392234802246,2.394132137298584,0.6871070861816406,20.5148,1,0.39014303619064344,0,0,0,1,0,0
121,1,A,bimanual,3.0,7.0,0.2686299681663513,3.224637269973755,2.9231162071228027,0.3015211522579193,52.1151,1,0.19606882015587473,0,12,0,0,0,2
121,1,A,unimanual,2.0,2.0,0.21989549696445465,3.5725715160369873,2.994432210922241,0.57813960313797,34.2889,2,0.2111543810009321,0,0,0,1,0,0
121,1,B,bimanual,2.0,6.0,0.2535918056964874,3.1042001247406006,2.9466137886047363,0.15758652985095978,38.2343,1,0.07944242013388696,0,8,0,0,0,0
121,1,B,unimanual,0.0,0.0,0.23187372088432312,3.4771933555603027,2.977588176727295,0.49960511922836304,47.4746,2,0.10869659736171619,0,0,0,1,0,0
121,1,C,bimanual,0.0,4.0,0.2601279616355896,3.256045341491699,2.9422316551208496,0.3138137757778168,42.8396,1,0.19188931824123845,0,8,0,0,0,0
121,1,C,unimanual,1.0,1.0,0.16819803416728973,3.6135029792785645,3.0809547901153564,0.5325482487678528,47.503,2,0.2837721615143829,0,0,0,4,4,0
121,1,D,bimanual,1.0,5.0,0.23972851037979126,3.216266632080078,2.96579909324646,0.25046756863594055,29.405,1,0.31606450525369445,0,6,0,0,0,0
121,1,D,unimanual,3.0,3.0,0.19749358296394348,3.289912700653076,3.030359983444214,0.2595529556274414,27.7722,2,0.22519817439346626,0,0,0,1,0,0
122,2,A,bimanual,3.0,3.0,0.27480679750442505,3.8772435188293457,3.247488260269165,0.6297550797462463,78.6886,1,0.08906872288175492,2,14,7,0,0,0
122,2,A,unimanual,1.0,5.0,0.21462883055210114,4.046832084655762,3.4096951484680176,0.6371369361877441,44.987,2,0.06821421993628791,1,0,0,1,0,0
122,2,B,bimanual,2.0,2.0,0.26412492990493774,3.7094333171844482,3.2733278274536133,0.43610572814941406,37.7737,1,0.15917568220044462,2,8,1,0,0,0
122,2,B,unimanual,3.0,7.0,0.23730970919132233,3.8935675621032715,3.341775894165039,0.5517915487289429,37.6248,2,0.1363010617852713,1,0,0,1,0,0
122,2,C,bimanual,0.0,0.0,0.23486009240150452,4.099055767059326,3.367671012878418,0.7313847541809082,134.3593,1,0.1575366666591649,4,18,10,0,0,0
122,2,C,unimanual,2.0,6.0,0.19841055572032928,4.2169413566589355,3.467360258102417,0.7495816349983215,45.6964,2,0.19797275894836872,1,0,0,1,3,0
122,2,D,bimanual,1.0,1.0,0.25797349214553833,3.9232053756713867,3.287250280380249,0.6359551548957825,64.3668,1,0.09510163194400416,3,14,3,0,0,0
122,2,D,unimanual,0.0,4.0,0.20925019681453705,4.265333652496338,3.4316580295562744,0.8336756229400635,43.2941,2,0.21275690396153354,2,0,0,1,0,0
124,0,A,bimanual,2.0,6.0,0.24811749160289764,3.0832974910736084,2.7840752601623535,0.2992221713066101,60.573,2,0.21822369271418235,3,6,2,0,0,4
124,0,A,unimanual,0.0,0.0,0.2189583033323288,3.2209572792053223,2.8308629989624023,0.3900942802429199,63.1061,1,0.27496255656950247,1,0,0,4,2,0
124,0,B,bimanual,0.0,4.0,0.29269251227378845,2.907191038131714,2.714141607284546,0.1930495947599411,22.099,2,0.09285568369639906,1,5,0,0,0,0
124,0,B,unimanual,1.0,1.0,0.2456084042787552,3.1513404846191406,2.786815881729126,0.3645247519016266,34.1954,1,0.3034790842215154,1,0,0,1,0,0
124,0,C,bimanual,1.0,5.0,0.2841889262199402,2.9852352142333984,2.727267265319824,0.25796791911125183,27.5186,2,0.30381862028369067,2,6,0,0,0,0
124,0,C,unimanual,3.0,3.0,0.20734186470508575,3.156019687652588,2.8526980876922607,0.30332162976264954,25.9985,1,0.19570467381902015,1,0,0,1,0,0
124,0,D,bimanual,3.0,7.0,0.2683129906654358,3.086216926574707,2.7533414363861084,0.33287543058395386,22.5449,2,0.14092049265804235,1,6,0,0,0,0
124,0,D,unimanual,2.0,2.0,0.20298950374126434,3.237379312515259,2.861192464828491,0.37618666887283325,53.661,1,0.2477195509797308,1,0,0,2,1,0
125,1,A,bimanual,3.0,7.0,0.24903076887130737,4.210042953491211,3.753166913986206,0.4568764269351959,53.8143,1,0.11372876826057535,0,11,5,0,0,0
125,1,A,unimanual,2.0,2.0,0.24474309384822845,4.572011470794678,3.765702247619629,0.8063096404075623,39.1062,2,0.1534978318431252,1,0,0,2,0,0
125,1,B,bimanual,2.0,6.0,0.28674936294555664,4.077757358551025,3.6607868671417236,0.41697022318840027,36.9191,1,0.11106113360099067,0,7,2,0,0,0
125,1,B,unimanual,0.0,0.0,0.2615203559398651,4.41845703125,3.721017837524414,0.6974391341209412,56.5858,2,0.14381014185072866,1,0,0,4,0,0
125,1,C,bimanual,0.0,4.0,0.21410898864269257,4.393206596374512,3.854203939437866,0.5390027761459351,52.2082,1,0.13690217752692083,0,7,7,0,0,0
125,1,C,unimanual,1.0,1.0,0.20224259793758392,4.723665714263916,3.8850646018981934,0.8386010527610779,33.5957,2,0.15307278304688313,2,0,0,1,0,0
125,1,D,bimanual,1.0,5.0,0.2288203239440918,4.360886573791504,3.8124516010284424,0.5484347343444824,43.9041,1,0.11674142008933053,0,7,3,0,0,0
125,1,D,unimanual,3.0,3.0,0.2094021886587143,4.655076503753662,3.8715810775756836,0.7834954857826233,33.6221,2,0.21460345879460305,0,0,0,1,0,0
126,2,A,bimanual,3.0,3.0,0.22892165184020996,2.767371416091919,2.364375352859497,0.402996301651001,118.4478,1,0.15289701621472856,1,25,30,0,0,0
126,2,A,unimanual,1.0,5.0,0.23548665642738342,2.9705300331115723,2.350094795227051,0.6204348802566528,113.3846,2,0.2207298919483033,2,0,0,34,5,0
126,2,B,bimanual,2.0,2.0,0.2993248403072357,2.6514720916748047,2.274561882019043,0.3769102096557617,130.3037,1,0.10766597093941635,1,20,26,0,0,0
126,2,B,unimanual,3.0,7.0,0.2528054118156433,2.767366647720337,2.328793525695801,0.4385731518268585,85.784,2,0.15199256405609693,1,0,0,12,3,0
126,2,C,bimanual,0.0,0.0,0.272609680891037,2.941646099090576,2.3100550174713135,0.6315906643867493,159.0326,1,0.12592246072635854,1,17,33,0,0,0
126,2,C,unimanual,2.0,6.0,0.16455383598804474,3.114804267883301,2.4757344722747803,0.6390699148178101,150.2633,2,0.15307555410022855,1,0,0,61,18,0
126,2,D,bimanual,1.0,1.0,0.2304471880197525,2.9069576263427734,2.360267400741577,0.5466901659965515,111.2685,1,0.18899678705462009,1,17,30,0,0,2
126,2,D,unimanual,0.0,4.0,0.18404889106750488,2.953622341156006,2.4329357147216797,0.520686686038971,117.0793,2,0.15394299319914065,0,0,0,34,7,0
127,3,A,bimanual,1.0,1.0,0.2639007866382599,3.784982204437256,3.3418853282928467,0.44309690594673157,90.2169,2,0.11104818380695383,2,5,22,0,0,0
127,3,A,unimanual,0.0,4.0,0.24923677742481232,4.386595726013184,3.37089204788208,1.0157033205032349,37.8606,1,0.2905947682374635,1,0,0,6,0,0
127,3,B,bimanual,3.0,3.0,0.2849804162979126,3.8708479404449463,3.2944953441619873,0.5763525366783142,157.8131,2,0.17744452006960892,2,8,34,0,0,2
127,3,B,unimanual,1.0,5.0,0.24887318909168243,4.223499298095703,3.368023633956909,0.8554757833480835,18.0532,1,0.22171228396909332,2,0,0,3,0,0
127,3,C,bimanual,2.0,2.0,0.25471723079681396,3.726633310317993,3.369292736053467,0.3573406934738159,78.3905,2,0.21689732208359222,2,7,20,0,0,0
127,3,C,unimanual,3.0,7.0,0.20340223610401154,4.3213276863098145,3.4800498485565186,0.841278076171875,51.2592,1,0.1951767949468103,2,0,0,9,1,0
127,3,D,bimanual,0.0,0.0,0.2225448489189148,4.040901184082031,3.4307162761688232,0.6101849675178528,68.8483,2,0.18884863346223463,2,5,2,0,0,0
127,3,D,unimanual,2.0,6.0,0.18216803669929504,4.265923976898193,3.5329909324645996,0.7329328060150146,56.318,1,0.21314500787748425,3,0,0,12,5,0
128,0,A,bimanual,2.0,6.0,0.32524052262306213,3.6358137130737305,2.905259132385254,0.7305546402931213,71.154,2,0.11245889978646866,1,10,0,0,0,1
128,0,A,unimanual,0.0,0.0,0.2828950881958008,4.279960632324219,2.9456684589385986,1.3342920541763306,107.0868,1,0.11208134116532838,0,0,0,10,10,0
128,0,B,bimanual,0.0,4.0,0.2916843593120575,3.429137945175171,2.936945676803589,0.49219220876693726,217.871,2,0.08262342217952326,2,9,17,0,0,0
128,0,B,unimanual,1.0,1.0,0.2723296284675598,4.02320671081543,2.972093343734741,1.051113247871399,20.965,1,0.19205838574926778,3,0,0,1,2,0
128,0,C,bimanual,1.0,5.0,0.2806655168533325,3.6333212852478027,2.9566378593444824,0.676683247089386,54.2576,2,0.12904391364381299,0,8,0,0,0,0
128,0,C,unimanual,3.0,3.0,0.2855598032474518,4.137845516204834,2.9586260318756104,1.1792198419570923,36.4238,1,0.19225909934851632,0,0,0,5,0,0
128,0,D,bimanual,3.0,7.0,0.2779911160469055,3.628826379776001,2.9534554481506348,0.6753706932067871,44.676,2,0.15677035159110708,0,6,1,0,0,0
128,0,D,unimanual,2.0,2.0,0.22898750007152557,4.232635498046875,3.0355262756347656,1.197109341621399,33.0612,1,0.15131019497831724,0,0,0,6,0,0
131,3,A,bimanual,1.0,1.0,0.27326539158821106,2.6032400131225586,2.3822877407073975,0.22095242142677307,123.297,2,0.1218393848248234,0,10,28,0,0,0
131,3,A,unimanual,0.0,4.0,0.22635793685913086,2.873521327972412,2.437562942504883,0.4359583258628845,25.0698,1,0.2454680461970863,0,0,0,1,0,0
131,3,B,bimanual,3.0,3.0,0.2657441198825836,2.562913179397583,2.3910605907440186,0.1718527376651764,107.7804,2,0.11135413119186965,0,13,27,0,0,1
131,3,B,unimanual,1.0,5.0,0.24987001717090607,2.647542715072632,2.415494918823242,0.23204755783081055,26.0495,1,0.23064681053902159,0,0,0,1,0,0
131,3,C,bimanual,2.0,2.0,0.209654301404953,2.6962318420410156,2.468050003051758,0.2281816005706787,103.5176,2,0.15468711630344198,0,8,34,0,0,0
131,3,C,unimanual,3.0,7.0,0.18786153197288513,2.809731960296631,2.5041425228118896,0.3055896461009979,28.1491,1,0.25559758715877723,0,0,0,2,0,0
131,3,D,bimanual,0.0,0.0,0.21057988703250885,2.568007230758667,2.4656381607055664,0.10236895829439163,130.0283,2,0.16151224685839455,0,9,38,0,0,0
131,3,D,unimanual,2.0,6.0,0.19388921558856964,2.798079252243042,2.491865634918213,0.30621376633644104,26.2571,1,0.23577306057009925,0,0,0,1,0,0
132,0,A,bimanual,2.0,6.0,0.2440236359834671,4.436832427978516,3.2813210487365723,1.1555110216140747,118.1754,2,0.09310348621772166,2,11,0,0,0,4
132,0,A,unimanual,0.0,0.0,0.23823446035385132,5.004587173461914,3.291278123855591,1.7133089303970337,42.2048,1,0.16593969277451168,3,0,0,1,0,0
132,0,B,bimanual,0.0,4.0,0.2867382764816284,4.06636381149292,3.210592746734619,0.8557713627815247,43.7081,2,0.09156775441528266,1,5,0,0,0,0
132,0,B,unimanual,1.0,1.0,0.2677578628063202,4.519583225250244,3.2490017414093018,1.2705811262130737,35.6671,1,0.14023750624056905,3,0,0,1,0,0
132,0,C,bimanual,1.0,5.0,0.2646946310997009,4.028525352478027,3.2473204135894775,0.7812049984931946,29.8797,2,0.3014328106265114,0,5,0,0,0,0
132,0,C,unimanual,3.0,3.0,0.20706196129322052,4.678103446960449,3.3737874031066895,1.3043160438537598,12.4948,1,0.4011038377615197,1,0,0,1,0,0
132,0,D,bimanual,3.0,7.0,0.20328059792518616,4.320295810699463,3.36236834526062,0.957927942276001,66.1909,2,0.10580107282287841,2,15,2,0,0,0
132,0,D,unimanual,2.0,2.0,0.2077697068452835,4.561089992523193,3.3766403198242188,1.184449315071106,18.2103,1,0.16487593086202634,1,0,0,1,0,0
133,1,A,bimanual,3.0,7.0,0.28388145565986633,3.4266819953918457,3.185255527496338,0.2414265125989914,59.13,1,0.2139952921035737,1,7,2,0,0,0
133,1,A,unimanual,2.0,2.0,0.20704561471939087,3.8708243370056152,3.3360464572906494,0.534777820110321,29.4521,2,0.17525166138574994,1,0,0,13,1,0
133,1,B,bimanual,2.0,6.0,0.25247710943222046,3.354976177215576,3.2426037788391113,0.11237261444330215,69.9323,1,0.17163526933149492,2,10,6,0,0,4
133,1,B,unimanual,0.0,0.0,0.2819875478744507,3.6735873222351074,3.190868377685547,0.48271894454956055,100.1954,2,0.12102581480629818,3,0,0,5,6,0
133,1,C,bimanual,0.0,4.0,0.26685038208961487,3.587383270263672,3.2200393676757812,0.3673439621925354,41.2324,1,0.19849835990730127,2,7,1,0,0,1
133,1,C,unimanual,1.0,1.0,0.19661633670330048,4.037480354309082,3.3599934577941895,0.6774869561195374,53.7985,2,0.1704503487603525,1,0,0,13,2,0
133,1,D,bimanual,1.0,5.0,0.21694086492061615,3.496891975402832,3.3156566619873047,0.18123553693294525,15.186,1,0.14079945933007618,2,5,0,0,0,0
133,1,D,unimanual,3.0,3.0,0.2037811130285263,3.9149417877197266,3.3467369079589844,0.5682052969932556,28.938,2,0.25097251850922325,0,0,0,9,1,0
134,2,A,bimanual,3.0,3.0,0.24309459328651428,3.085315704345703,2.9943442344665527,0.09097129851579666,114.2518,1,0.09690204172601917,2,12,6,0,0,1
134,2,A,unimanual,1.0,5.0,0.20831985771656036,3.1547653675079346,3.06557559967041,0.08919000625610352,64.0034,2,0.15777524285554256,2,0,0,3,3,0
134,2,B,bimanual,2.0,2.0,0.28687089681625366,2.92258620262146,2.907951593399048,0.014634335413575172,43.297,1,0.11784864933662995,0,9,0,0,0,0
134,2,B,unimanual,3.0,7.0,0.22737067937850952,3.0095536708831787,3.026144504547119,-0.01659107394516468,37.1012,2,0.13493055124527406,1,0,0,1,0,0
134,2,C,bimanual,0.0,0.0,0.24317966401576996,3.1446423530578613,2.9975903034210205,0.1470520794391632,66.4384,1,0.30527453338787575,1,8,4,0,0,0
134,2,C,unimanual,2.0,6.0,0.19418713450431824,3.257344961166382,3.099172353744507,0.1581731140613556,67.7799,2,0.147658795960646,2,0,0,3,1,0
134,2,D,bimanual,1.0,1.0,0.2576828598976135,2.9845223426818848,2.964425802230835,0.020096533000469208,40.3207,1,0.05012958497716598,1,9,0,0,0,0
134,2,D,unimanual,0.0,4.0,0.19168683886528015,3.4050393104553223,3.1058690547943115,0.2991699278354645,28.0991,2,0.2856867373503269,2,0,0,1,0,0
135,3,A,bimanual,1.0,1.0,0.2614028751850128,4.225634574890137,3.4159820079803467,0.8096525073051453,80.9349,2,0.1482920463560937,0,13,5,0,0,0
135,3,A,unimanual,0.0,4.0,0.2315385639667511,4.95642614364624,3.482982873916626,1.4734426736831665,36.3867,1,0.21998872557781415,1,0,0,1,0,0
135,3,B,bimanual,3.0,3.0,0.27161848545074463,4.193794250488281,3.403451681137085,0.7903430461883545,56.4693,2,0.14170854449382594,1,10,2,0,0,0
135,3,B,unimanual,1.0,5.0,0.2738415598869324,4.510813236236572,3.3941092491149902,1.116703748703003,144.3665,1,0.12470028632571299,1,0,0,8,19,0
135,3,C,bimanual,2.0,2.0,0.22973531484603882,4.054449081420898,3.496914863586426,0.5575344562530518,63.4312,2,0.15770731414981565,0,9,2,0,0,0
135,3,C,unimanual,3.0,7.0,0.19283556938171387,4.602080345153809,3.5993263721466064,1.0027543306350708,18.8308,1,0.10628404410787831,0,0,0,1,0,0
135,3,D,bimanual,0.0,0.0,0.2482636570930481,4.253030776977539,3.4537370204925537,0.799293577671051,51.6756,2,0.0970613699630002,0,14,0,0,0,0
135,3,D,unimanual,2.0,6.0,0.19991661608219147,4.587121486663818,3.586974859237671,1.000146746635437,16.0156,1,0.1875375075015003,0,0,0,1,0,0
136,0,A,bimanual,2.0,6.0,0.3199271559715271,3.1933364868164062,2.925804853439331,0.2675313353538513,40.1132,2,0.10006178815418522,2,14,0,0,0,0
136,0,A,unimanual,0.0,0.0,0.27284926176071167,3.7080979347229004,2.998852014541626,0.7092456817626953,61.7531,1,0.16455406670692757,1,0,0,3,0,0
136,0,B,bimanual,0.0,4.0,0.28616467118263245,3.2173285484313965,2.973245620727539,0.2440824955701828,48.7378,2,0.10268585112194561,3,12,0,0,0,0
136,0,B,unimanual,1.0,1.0,0.2500952482223511,3.6250720024108887,3.020392894744873,0.6046792268753052,51.9265,1,0.1563489395633174,2,0,0,5,0,0
136,0,C,bimanual,1.0,5.0,0.3129662573337555,3.1735126972198486,2.9304583072662354,0.2430548220872879,39.1263,2,0.20590112627916074,2,12,0,0,0,0
136,0,C,unimanual,3.0,3.0,0.19327832758426666,3.6609740257263184,3.1313343048095703,0.5296397805213928,23.8554,1,0.17383670648975882,1,0,0,2,0,0
136,0,D,bimanual,3.0,7.0,0.28356850147247314,3.2235796451568604,2.9654533863067627,0.2581261992454529,43.4754,2,0.09233951392479871,2,13,1,0,0,1
136,0,D,unimanual,2.0,2.0,0.19748860597610474,3.685377597808838,3.126100778579712,0.5592767596244812,23.5944,1,0.22015666348173363,1,0,0,3,0,0
137,1,A,bimanual,3.0,7.0,0.2567422091960907,2.5129826068878174,2.1846280097961426,0.3283543884754181,96.1228,1,0.1258902803261817,3,14,18,0,0,0
137,1,A,unimanual,2.0,2.0,0.27803608775138855,2.728790760040283,2.1625568866729736,0.5662335753440857,116.6479,2,0.12099631825488738,0,0,0,36,0,0
137,1,B,bimanual,2.0,6.0,0.2627214193344116,2.419907331466675,2.1809208393096924,0.238986536860466,173.2465,1,0.22093639822506672,3,22,30,0,0,5
137,1,B,unimanual,0.0,0.0,0.2432369440793991,2.6410434246063232,2.204925775527954,0.4361179769039154,139.0823,2,0.10812517435184363,1,0,0,29,4,0
137,1,C,bimanual,0.0,4.0,0.2659228444099426,2.5019917488098145,2.178098201751709,0.32389339804649353,118.9383,1,0.08483469535436725,3,23,17,0,0,1
137,1,C,unimanual,1.0,1.0,0.2183159738779068,2.744771957397461,2.2369632720947266,0.5078088045120239,64.0848,2,0.20588938671886753,1,0,0,23,0,0
137,1,D,bimanual,1.0,5.0,0.21775764226913452,2.4934651851654053,2.2361531257629395,0.25731196999549866,83.4992,1,0.17967148865015206,3,22,16,0,0,0
137,1,D,unimanual,3.0,3.0,0.20089706778526306,2.763974189758301,2.2606637477874756,0.5033103227615356,71.0681,2,0.17110005931468722,0,0,0,26,0,0
139,3,A,bimanual,1.0,1.0,0.24000750482082367,3.771439790725708,3.590339183807373,0.1811007708311081,43.5264,2,0.21245556137841168,0,8,0,0,0,1
139,3,A,unimanual,0.0,4.0,0.21372008323669434,4.185919284820557,3.634181499481201,0.5517382025718689,28.1474,1,0.22096273463480384,0,0,0,1,0,0
139,3,B,bimanual,3.0,3.0,0.29141393303871155,3.4844555854797363,3.505779981613159,-0.021324362605810165,47.4349,2,0.1507207682452873,0,10,0,0,0,2
139,3,B,unimanual,1.0,5.0,0.23584270477294922,3.9817607402801514,3.5961577892303467,0.3856028616428375,23.5258,1,0.22243576055235248,0,0,0,1,0,0
139,3,C,bimanual,2.0,2.0,0.2418202906847,3.7019917964935303,3.5864460468292236,0.11554557830095291,36.4452,2,0.14086808549002372,0,7,1,0,0,0
139,3,C,unimanual,3.0,7.0,0.19187813997268677,4.0807623863220215,3.6723368167877197,0.4084252715110779,19.4722,1,0.1638144746469798,0,0,0,1,0,0
139,3,D,bimanual,0.0,0.0,0.23400752246379852,3.7958052158355713,3.6006245613098145,0.19518086314201355,35.137,2,0.14641116941529236,0,5,0,0,0,0
139,3,D,unimanual,2.0,6.0,0.19534282386302948,4.02866792678833,3.6666059494018555,0.3620617687702179,20.9747,1,0.15015766554882629,0,0,0,1,0,0
140,0,A,bimanual,2.0,6.0,0.307384729385376,3.6341300010681152,3.0471229553222656,0.5870069861412048,73.4132,2,0.15051524103647532,1,18,1,0,0,6
140,0,A,unimanual,0.0,0.0,0.29919859766960144,4.110021591186523,3.0599982738494873,1.050023078918457,46.7297,1,0.17408106955409136,0,0,0,5,0,0
140,0,B,bimanual,0.0,4.0,0.31468743085861206,3.6033213138580322,3.048855781555176,0.5544652342796326,53.7218,2,0.18932760301788198,1,8,0,0,0,0
140,0,B,unimanual,1.0,1.0,0.3044721186161041,3.864175796508789,3.0495591163635254,0.8146162629127502,35.775,1,0.14265335235378032,0,0,0,4,0,0
140,0,C,bimanual,1.0,5.0,0.28866755962371826,3.6661603450775146,3.073997974395752,0.5921622514724731,44.0328,2,0.2044673851802039,1,10,0,0,0,1
140,0,C,unimanual,3.0,3.0,0.277958482503891,3.7645578384399414,3.0901565551757812,0.6744012236595154,31.8116,1,0.09725639703951527,0,0,0,3,0,0
140,0,D,bimanual,3.0,7.0,0.23632197082042694,3.542541027069092,3.168081760406494,0.37445905804634094,36.6417,2,0.24741383813087092,1,9,0,0,0,1
140,0,D,unimanual,2.0,2.0,0.26329270005226135,3.8308563232421875,3.116630792617798,0.7142251133918762,28.9455,1,0.17718056116627334,0,0,0,1,0,0
141,1,A,bimanual,3.0,7.0,0.2271781712770462,4.1746826171875,3.345510721206665,0.829171895980835,43.7654,1,0.2562686814044456,0,10,8,0,0,0
141,1,A,unimanual,2.0,2.0,0.23757638037204742,4.223016262054443,3.3358187675476074,0.8871973156929016,50.4159,2,0.2182444417108777,0,0,0,5,3,0
141,1,B,bimanual,2.0,6.0,0.23241981863975525,4.087064266204834,3.3360421657562256,0.7510218620300293,27.323,1,0.15126819472754707,0,7,2,0,0,0
141,1,B,unimanual,0.0,0.0,0.2594813406467438,4.114442825317383,3.3081767559051514,0.806266188621521,54.9665,2,0.12971778968298825,0,0,0,6,2,0
141,1,C,bimanual,0.0,4.0,0.1919182538986206,4.417303085327148,3.4187872409820557,0.9985158443450928,32.9916,1,0.09311391556430136,1,7,3,0,0,0
141,1,C,unimanual,1.0,1.0,0.2041744887828827,4.455827236175537,3.3934619426727295,1.0623654127120972,28.479,2,0.21702173834412414,0,0,0,1,0,0
141,1,D,bimanual,1.0,5.0,0.20667217671871185,4.394155025482178,3.3948581218719482,0.9992970824241638,22.6616,1,0.32076249828162945,0,5,0,0,0,0
141,1,D,unimanual,3.0,3.0,0.21538589894771576,4.529771327972412,3.37418270111084,1.1555882692337036,29.628,2,0.13927528107492662,0,0,0,2,0,0
142,2,A,bimanual,3.0,3.0,0.29596301913261414,4.338515758514404,3.932948350906372,0.405567467212677,89.0848,1,0.17037594019122995,2,7,0,0,0,2
142,2,A,unimanual,1.0,5.0,0.22528287768363953,4.594705581665039,4.0508270263671875,0.5438783764839172,31.3677,2,0.22885689251572575,2,0,0,1,0,0
142,2,B,bimanual,2.0,2.0,0.3193778991699219,4.1227192878723145,3.8871402740478516,0.23557864129543304,74.7522,1,0.12213674158172509,2,9,0,0,0,4
142,2,B,unimanual,3.0,7.0,0.26168861985206604,4.225238800048828,3.983081102371216,0.24215759336948395,34.713,2,0.14694256602864206,1,0,0,3,0,0
142,2,C,bimanual,0.0,0.0,0.2879156768321991,4.414107322692871,3.938159942626953,0.4759473204612732,34.3916,1,0.20905569542377084,1,5,0,0,0,0
142,2,C,unimanual,2.0,6.0,0.24827903509140015,4.4848504066467285,4.018925666809082,0.4659247398376465,23.4802,2,0.17042380138810187,1,0,0,1,0,0
142,2,D,bimanual,1.0,1.0,0.27782735228538513,4.271612167358398,3.957568645477295,0.3140431046485901,33.8441,1,0.21315598755169035,1,5,0,0,0,0
142,2,D,unimanual,0.0,4.0,0.19600823521614075,4.549980640411377,4.118524074554443,0.43145641684532166,20.9297,2,0.1999860009799314,1,0,0,1,0,0
143,3,A,bimanual,1.0,1.0,0.3368421494960785,3.8682587146759033,3.0681512355804443,0.8001075983047485,113.2196,2,0.1678520852087859,0,8,14,0,0,0
143,3,A,unimanual,0.0,4.0,0.27813488245010376,4.266597270965576,3.151503801345825,1.1150938272476196,65.4048,1,0.10705835751067906,1,0,0,5,7,0
143,3,B,bimanual,3.0,3.0,0.3170487880706787,4.1167120933532715,3.0853800773620605,1.031332015991211,56.731700000000004,2,0.15916836298875742,1,6,2,0,0,0
143,3,B,unimanual,1.0,5.0,0.29194316267967224,4.174417495727539,3.1293675899505615,1.0450501441955566,25.3629,1,0.27626380825713054,1,0,0,5,0,0
143,3,C,bimanual,2.0,2.0,0.2726333737373352,4.105012893676758,3.1643941402435303,0.9406190514564514,65.6757,2,0.19801588087364605,1,8,10,0,0,0
143,3,C,unimanual,3.0,7.0,0.22582446038722992,4.167044639587402,3.2601377964019775,0.9069066643714905,17.3462,1,0.28851702250432776,1,0,0,1,0,0
143,3,D,bimanual,0.0,0.0,0.21185915172100067,4.035114765167236,3.3059139251708984,0.7292007803916931,63.364,2,0.17366373648580377,0,5,12,0,0,0
143,3,D,unimanual,2.0,6.0,0.24579600989818573,4.194414138793945,3.210848331451416,0.983566164970398,18.2713,1,0.228375677990294,1,0,0,1,0,0
145,1,A,bimanual,3.0,7.0,0.2885252833366394,3.5539116859436035,3.0278866291046143,0.5260249376296997,34.8763,1,0.22955984768704107,1,8,0,0,0,0
145,1,A,unimanual,2.0,2.0,0.28422388434410095,4.044801235198975,3.0200250148773193,1.0247763395309448,29.8882,2,0.2758810952479481,1,0,0,1,0,0
145,1,B,bimanual,2.0,6.0,0.3179311752319336,3.481334924697876,2.9829206466674805,0.4984143078327179,36.9393,1,0.13542648508683547,1,7,0,0,0,0
145,1,B,unimanual,0.0,0.0,0.2836526930332184,4.088520050048828,3.0189099311828613,1.0696098804473877,43.4269,2,0.23503088305803382,0,0,0,5,0,0
145,1,C,bimanual,0.0,4.0,0.24387520551681519,3.5852038860321045,3.123774528503418,0.4614294171333313,55.4595,1,0.18133845916711247,1,7,5,0,0,0
145,1,C,unimanual,1.0,1.0,0.24670399725437164,3.9086766242980957,3.1022391319274902,0.806437075138092,18.0587,2,0.22377121630844626,1,0,0,5,0,0
145,1,D,bimanual,1.0,5.0,0.2665630578994751,3.518625497817993,3.061892509460449,0.4567328989505768,20.5913,1,0.24304171568007932,0,5,0,0,0,0
145,1,D,unimanual,3.0,3.0,0.25123506784439087,3.9877660274505615,3.0918843746185303,0.8958818912506104,24.7579,2,0.2901879174042276,0,0,0,6,0,0
146,2,A,bimanual,3.0,3.0,0.2615410387516022,3.54120135307312,3.1517841815948486,0.38941729068756104,126.8075,1,0.15894624994138856,1,29,2,0,0,0
146,2,A,unimanual,1.0,5.0,0.249848410487175,3.8010456562042236,3.1682772636413574,0.6327682137489319,138.476,2,0.1090550597185507,1,0,0,10,6,0
146,2,B,bimanual,2.0,2.0,0.3212209641933441,3.410853624343872,3.056251049041748,0.3546026349067688,195.8486,1,0.15388513808113438,0,40,10,0,0,0
146,2,B,unimanual,3.0,7.0,0.32045507431030273,3.5504088401794434,3.0539441108703613,0.4964645504951477,86.0722,2,0.12899700140606732,1,0,0,7,7,0
146,2,C,bimanual,0.0,0.0,0.2385566085577011,3.6637980937957764,3.20320463180542,0.4605932831764221,371.0581,1,0.1324821311345986,1,33,38,0,0,2
146,2,C,unimanual,2.0,6.0,0.26601484417915344,3.7771146297454834,3.1352803707122803,0.6418342590332031,76.3623,2,0.15899304405432263,0,0,0,3,2,0
146,2,D,bimanual,1.0,1.0,0.2481623888015747,3.5102012157440186,3.172342300415039,0.3378591239452362,237.4978,1,0.15613066026390301,1,50,13,0,0,0
146,2,D,unimanual,0.0,4.0,0.21608492732048035,3.8159735202789307,3.2332677841186523,0.5827058553695679,73.7922,2,0.13733622654983932,0,0,0,4,2,0
147,3,A,bimanual,1.0,1.0,0.2975948452949524,3.735360860824585,3.1170146465301514,0.6183459758758545,77.039,2,0.11684851758180693,0,8,1,0,0,0
147,3,A,unimanual,0.0,4.0,0.2678646147251129,3.8050408363342285,3.1777141094207764,0.6273266673088074,67.1358,1,0.25742169459187303,0,0,0,1,0,0
147,3,B,bimanual,3.0,3.0,0.30084723234176636,3.548388957977295,3.110626220703125,0.4377618730068207,63.9914,2,0.20321200013755888,0,10,1,0,0,0
147,3,B,unimanual,1.0,5.0,0.27261731028556824,3.7996153831481934,3.172402858734131,0.6272129416465759,36.9783,1,0.18948365703458075,0,0,0,1,0,0
147,3,C,bimanual,2.0,2.0,0.26628410816192627,3.7593109607696533,3.1844542026519775,0.5748562812805176,61.2768,2,0.21219743502269697,0,10,1,0,0,1
147,3,C,unimanual,3.0,7.0,0.19185057282447815,3.9083003997802734,3.381457805633545,0.5268425941467285,25.5381,1,0.31340716683838765,0,0,0,1,0,0
147,3,D,bimanual,0.0,0.0,0.29972752928733826,4.154525279998779,3.1100988388061523,1.044426679611206,83.0131,2,0.20532045692256037,0,14,0,0,0,0
147,3,D,unimanual,2.0,6.0,0.22835680842399597,3.92964768409729,3.275287389755249,0.6543604135513306,23.113,1,0.21640993235025516,0,0,0,1,0,0
149,1,A,bimanual,3.0,7.0,0.2388392984867096,4.4877824783325195,3.8328986167907715,0.6548839211463928,64.4819,1,0.12410354579343275,2,8,20,0,0,0
149,1,A,unimanual,2.0,2.0,0.22685116529464722,5.01157808303833,3.8634033203125,1.1481752395629883,37.6967,2,0.10613795811796173,0,0,0,11,0,0
149,1,B,bimanual,2.0,6.0,0.2718265950679779,4.31716775894165,3.784639835357666,0.53252774477005,46.6628,1,0.10718550166030343,1,7,18,0,0,0
149,1,B,unimanual,0.0,0.0,0.24969561398029327,4.652034282684326,3.8245084285736084,0.8275256752967834,65.5253,2,0.19845116498466583,0,0,0,14,2,0
149,1,C,bimanual,0.0,4.0,0.220623180270195,4.321614742279053,3.87980318069458,0.4418115019798279,52.7326,1,0.132765602329088,2,7,4,0,0,0
149,1,C,unimanual,1.0,1.0,0.214750275015831,5.127246379852295,3.905447006225586,1.2217992544174194,46.5846,2,0.15033105044895295,0,0,0,13,0,0
149,1,D,bimanual,1.0,5.0,0.20647768676280975,4.906978607177734,3.9214019775390625,0.9855771064758301,19.4902,1,0.25676709683714294,0,5,5,0,0,0
149,1,D,unimanual,3.0,3.0,0.20379091799259186,4.998725891113281,3.9073188304901123,1.0914071798324585,16.5329,2,0.1817190623296384,0,0,0,5,0,0
150,2,A,bimanual,3.0,3.0,0.259653240442276,3.5533618927001953,2.915421724319458,0.637939989566803,66.89,1,0.10486655730582835,0,15,1,0,0,5
150,2,A,unimanual,1.0,5.0,0.26229289174079895,3.63175630569458,2.915196657180786,0.7165592908859253,23.3292,2,0.13370175594972813,0,0,0,1,0,0
150,2,B,bimanual,2.0,2.0,0.30869340896606445,3.365131139755249,2.8532707691192627,0.5118604302406311,37.8835,1,0.07953234978327435,0,7,0,0,0,0
150,2,B,unimanual,3.0,7.0,0.2923116385936737,3.517549991607666,2.8829119205474854,0.634637713432312,22.7181,2,0.18381677144222638,0,0,0,3,0,0
150,2,C,bimanual,0.0,0.0,0.2585875689983368,3.537424325942993,2.9211063385009766,0.6163179874420166,58.2785,1,0.13922171580323098,0,8,9,0,0,0
150,2,C,unimanual,2.0,6.0,0.19878965616226196,3.7465193271636963,3.033885955810547,0.7126334309577942,17.8667,2,0.22406202036723766,0,0,0,1,0,0
150,2,D,bimanual,1.0,1.0,0.24872736632823944,3.382774829864502,2.9359333515167236,0.44684165716171265,24.3601,1,0.12906889697720642,0,6,0,0,0,0
150,2,D,unimanual,0.0,4.0,0.2207123339176178,3.723165988922119,2.9859020709991455,0.7372641563415527,14.0163,2,0.14413064001210696,0,0,0,2,0,0
151,3,A,bimanual,1.0,1.0,0.3114416301250458,2.7733981609344482,2.7805118560791016,-0.007113912142813206,99.5586,2,0.18245918489400137,0,6,3,0,0,0
151,3,A,unimanual,0.0,4.0,0.22837089002132416,3.1140968799591064,2.861616849899292,0.2524798810482025,130.9682,1,0.10758348286156696,1,0,0,12,3,0
151,3,B,bimanual,3.0,3.0,0.3146854639053345,2.8270206451416016,2.778064489364624,0.04895646125078201,84.2034,2,0.0960206636468168,0,6,5,0,0,0
151,3,B,unimanual,1.0,5.0,0.2574059069156647,2.9371256828308105,2.8309338092803955,0.10619185119867325,45.0204,1,0.18140425030158455,0,0,0,5,0,0
151,3,C,bimanual,2.0,2.0,0.260125070810318,2.7564802169799805,2.8308334350585938,-0.0743536725640297,120.2266,2,0.1592875987897496,2,8,15,0,0,0
151,3,C,unimanual,3.0,7.0,0.18723072111606598,3.1742746829986572,2.9094038009643555,0.2648707926273346,65.4156,1,0.201508211459617,0,0,0,5,4,0
151,3,D,bimanual,0.0,0.0,0.2760380506515503,2.8773889541625977,2.8159689903259277,0.06141992285847664,112.3962,2,0.17018074987012521,0,5,6,0,0,0
151,3,D,unimanual,2.0,6.0,0.21927732229232788,3.1055972576141357,2.87262225151062,0.23297521471977234,27.7862,1,0.11194322239759995,0,0,0,5,0,0
