id,block,model,method,trial_id,task_trial_id,luminance,pupilDiameter,pupil_lum_base,adj_pupil,total_time,target_source,creation_method,IPA,discomfort,seq
108,0,A,4DoF,3.0,3.0,0.2243562489748001,4.866457939147949,3.8315773010253906,1.0348811149597168,37.0822,1,unimanual,0.24284615695956613,2,0
108,0,A,6DoF,1.0,5.0,0.22551143169403076,4.359482765197754,3.82914662361145,0.5303362011909485,61.0043,2,bimanual,0.11478759375686676,1,0
108,0,B,4DoF,2.0,2.0,0.24223928153514862,4.650882720947266,3.771303176879883,0.8795796632766724,67.7005,1,unimanual,0.16253243260814318,1,0
108,0,B,6DoF,3.0,7.0,0.256184846162796,4.437137126922607,3.7466788291931152,0.6904584169387817,96.4316,2,bimanual,0.12446906165886143,1,0
108,0,C,4DoF,0.0,0.0,0.22350488603115082,4.658904075622559,3.852900266647339,0.8060040473937988,88.0356,1,unimanual,0.1363417906903553,1,1
108,0,C,6DoF,2.0,6.0,0.20634740591049194,4.892882823944092,3.900495767593384,0.9923869967460632,65.4248,2,bimanual,0.1681882607651954,2,0
108,0,D,4DoF,1.0,1.0,0.19597695767879486,5.205173015594482,3.936819314956665,1.2683532238006592,97.341,1,unimanual,0.13358049149400533,2,1
108,0,D,6DoF,0.0,4.0,0.22378265857696533,4.837308406829834,3.8289482593536377,1.008360505104065,69.0327,2,bimanual,0.20286591577296986,1,0
109,1,A,4DoF,0.0,4.0,0.24427944421768188,3.273621082305908,2.8609535694122314,0.4126676917076111,29.7078,1,bimanual,0.14179720872194632,0,0
109,1,A,6DoF,1.0,1.0,0.24046878516674042,3.1067075729370117,2.864626407623291,0.2420806884765625,67.6885,2,unimanual,0.16255741232244295,0,0
109,1,B,4DoF,1.0,5.0,0.22736352682113647,3.1282427310943604,2.89433217048645,0.2339106947183609,41.9572,1,bimanual,0.09538480615422769,0,0
109,1,B,6DoF,3.0,3.0,0.2411663681268692,3.1910502910614014,2.8686747550964355,0.32237571477890015,94.1328,2,unimanual,0.05312897803223016,0,0
109,1,C,4DoF,3.0,7.0,0.22572214901447296,3.212181568145752,2.898765802383423,0.3134157359600067,45.5113,1,bimanual,0.06595131473945932,0,1
109,1,C,6DoF,2.0,2.0,0.21885229647159576,3.3642096519470215,2.9084651470184326,0.4557444751262665,62.5584,2,unimanual,0.09594350846221744,0,0
109,1,D,4DoF,2.0,6.0,0.2229730635881424,3.058166265487671,2.8960580825805664,0.16210836172103882,48.5321,1,bimanual,0.1889954263106833,0,0
109,1,D,6DoF,0.0,0.0,0.22208966314792633,3.1156229972839355,2.895998239517212,0.21962511539459229,50.1868,2,unimanual,0.11960339514171009,0,0
110,2,A,4DoF,0.0,0.0,0.23430122435092926,3.434352397918701,2.82511830329895,0.6092342734336853,60.8377,2,unimanual,0.1808752388375313,5,1
110,2,A,6DoF,2.0,6.0,0.2449798285961151,3.327956199645996,2.806455373764038,0.521500825881958,47.5109,1,bimanual,0.12634478227635393,6,0
110,2,B,4DoF,1.0,1.0,0.23333394527435303,3.5409440994262695,2.8637166023254395,0.677227258682251,76.1525,2,unimanual,0.13135443498546562,5,0
110,2,B,6DoF,0.0,4.0,0.26985815167427063,3.499812126159668,2.7942934036254883,0.7055187821388245,39.7813,1,bimanual,0.2766697016494544,5,0
110,2,C,4DoF,3.0,3.0,0.21515882015228271,3.716290235519409,2.850803852081299,0.8654860854148865,71.3101,2,unimanual,0.12624792567644338,5,0
110,2,C,6DoF,1.0,5.0,0.2229788899421692,3.3459110260009766,2.838766098022461,0.5071447491645813,50.7543,1,bimanual,0.13978612722534522,5,0
110,2,D,4DoF,2.0,2.0,0.22288857400417328,3.4908463954925537,2.8352818489074707,0.6555644273757935,43.3452,2,unimanual,0.1384900887259835,5,0
110,2,D,6DoF,3.0,7.0,0.21786855161190033,3.4624667167663574,2.8418684005737305,0.6205980181694031,42.423,1,bimanual,0.2124199589793457,6,0
111,3,A,4DoF,3.0,7.0,0.23763875663280487,3.369537353515625,3.0752322673797607,0.2943052351474762,46.2118,2,bimanual,0.2417614298210526,0,0
111,3,A,6DoF,2.0,2.0,0.22607547044754028,3.6969101428985596,3.0837576389312744,0.6131526231765747,43.1012,1,unimanual,0.27855864471934055,2,0
111,3,B,4DoF,2.0,6.0,0.2793109714984894,3.46063232421875,3.059471607208252,0.40116047859191895,55.2735,2,bimanual,0.2533867858791164,0,0
111,3,B,6DoF,0.0,0.0,0.23421375453472137,3.795135974884033,3.085141897201538,0.7099944353103638,46.999199,1,unimanual,0.2554381722547315,4,1
111,3,C,4DoF,0.0,4.0,0.21674256026744843,3.689967632293701,3.0895698070526123,0.6003977656364441,45.7672,2,bimanual,0.22069744807540792,2,0
111,3,C,6DoF,1.0,1.0,0.2150219827890396,3.8383474349975586,3.1173770427703857,0.7209700345993042,53.8316,1,unimanual,0.29740550869353477,1,0
111,3,D,4DoF,1.0,5.0,0.23313355445861816,3.5700254440307617,3.076359987258911,0.49366557598114014,43.591,2,bimanual,0.22952573098207174,1,0
111,3,D,6DoF,3.0,3.0,0.2003871351480484,3.837322473526001,3.107332706451416,0.7299903035163879,46.0938,1,unimanual,0.26053087507978756,1,0
112,0,A,4DoF,3.0,3.0,0.22269326448440552,3.3350956439971924,2.9370672702789307,0.3980284631252289,57.5276,1,unimanual,0.22606493976238837,4,1
112,0,A,6DoF,1.0,5.0,0.21700270473957062,3.4303994178771973,2.954505681991577,0.47589364647865295,50.165,2,bimanual,0.23931794385999902,5,2
112,0,B,4DoF,2.0,2.0,0.2504063844680786,3.3240513801574707,2.892237663269043,0.4318135380744934,64.9574,1,unimanual,0.1077989457263108,5,1
112,0,B,6DoF,3.0,7.0,0.2419487088918686,3.4023373126983643,2.915769577026367,0.48656755685806274,86.0037,2,bimanual,0.1511974254567616,5,1
112,0,C,4DoF,0.0,0.0,0.20666652917861938,3.519294023513794,2.990865707397461,0.528428316116333,54.8857,1,unimanual,0.1699630047193061,4,3
112,0,C,6DoF,2.0,6.0,0.1587277054786682,3.9656355381011963,3.141868829727173,0.8237665891647339,62.7255,2,bimanual,0.11163775780347926,5,1
112,0,D,4DoF,1.0,1.0,0.21353359520435333,3.5394322872161865,2.9497883319854736,0.5896434783935547,37.4271,1,unimanual,0.21388029654503116,5,2
112,0,D,6DoF,0.0,4.0,0.1609230488538742,3.9805941581726074,3.1082448959350586,0.8723488450050354,75.9976,2,bimanual,0.21059642223003183,5,2
114,2,A,4DoF,0.0,0.0,0.23480241000652313,3.987703800201416,3.8288559913635254,0.15884818136692047,45.7111,2,unimanual,0.17509263494717672,1,0
114,2,A,6DoF,2.0,6.0,0.23376788198947906,3.8705692291259766,3.8312997817993164,0.03926897421479225,64.2913,1,bimanual,0.1711566768219628,0,0
114,2,B,4DoF,1.0,1.0,0.25332891941070557,4.081943035125732,3.8011159896850586,0.2808269262313843,55.4282,2,unimanual,0.16243346995792973,1,0
114,2,B,6DoF,0.0,4.0,0.2531780004501343,3.972012996673584,3.7985172271728516,0.17349554598331451,65.1808,1,bimanual,0.12277885379801037,0,0
114,2,C,4DoF,3.0,3.0,0.22346782684326172,4.0605597496032715,3.8502163887023926,0.21034295856952667,56.6625,2,unimanual,0.0882768361581921,0,0
114,2,C,6DoF,1.0,5.0,0.238202765583992,3.8977839946746826,3.8225977420806885,0.07518664747476578,42.878599,1,bimanual,0.11666542223549616,0,0
114,2,D,4DoF,2.0,2.0,0.2265012115240097,3.918142080307007,3.8442611694335938,0.07388059794902802,51.6867,2,unimanual,0.13548614363853845,0,0
114,2,D,6DoF,3.0,7.0,0.2149319350719452,4.245233058929443,3.8671209812164307,0.3781120479106903,36.827,1,bimanual,0.1358514762979929,0,0
116,0,A,4DoF,3.0,3.0,0.22731874883174896,3.6411051750183105,3.146599292755127,0.49450576305389404,56.1285,1,unimanual,0.2851739828646083,0,0
116,0,A,6DoF,1.0,5.0,0.23197832703590393,3.50482177734375,3.130420446395874,0.374401718378067,65.3236,2,bimanual,0.21438656675823883,0,0
116,0,B,4DoF,2.0,2.0,0.2590903341770172,3.5712597370147705,3.0882651805877686,0.4829946756362915,52.5762,1,unimanual,0.2663972249020514,0,0
116,0,B,6DoF,3.0,7.0,0.2544057071208954,3.3724186420440674,3.1011159420013428,0.2713027894496918,57.3157,2,bimanual,0.1570817697879396,0,0
116,0,C,4DoF,0.0,0.0,0.17748604714870453,4.152865886688232,3.2539498805999756,0.8989161849021912,128.7943,1,unimanual,0.17861150522128025,0,0
116,0,C,6DoF,2.0,6.0,0.20509830117225647,3.718489646911621,3.1916556358337402,0.5268340706825256,55.318,2,bimanual,0.2531810389103088,0,0
116,0,D,4DoF,1.0,1.0,0.2136879712343216,3.616974115371704,3.168503522872925,0.4484702944755554,45.4561,1,unimanual,0.3081419986120844,0,0
116,0,D,6DoF,0.0,4.0,0.22901701927185059,3.6894617080688477,3.1339480876922607,0.5555135607719421,50.8313,2,bimanual,0.23617584078599319,0,0
117,1,A,4DoF,0.0,4.0,0.23662184178829193,4.390965461730957,4.190004348754883,0.20096085965633392,49.8868,1,bimanual,0.2406512021530261,3,3
117,1,A,6DoF,1.0,1.0,0.24233666062355042,4.057290554046631,4.177315711975098,-0.1200249046087265,59.0388,2,unimanual,0.1863907631515628,2,2
117,1,B,4DoF,1.0,5.0,0.23913921415805817,4.310678958892822,4.187657833099365,0.12302107363939285,38.138,1,bimanual,0.20995226210440399,2,2
117,1,B,6DoF,3.0,3.0,0.2379119098186493,4.427196025848389,4.196881294250488,0.23031571507453918,114.8677,2,unimanual,0.10455019890675342,3,4
117,1,C,6DoF,2.0,2.0,0.21802350878715515,4.479143142700195,4.231109619140625,0.24803373217582703,95.3204,2,unimanual,0.14690466621685858,2,4
117,1,D,4DoF,2.0,6.0,0.21304941177368164,4.496549129486084,4.2451934814453125,0.2513553202152252,37.9264,1,bimanual,0.18467561727825077,1,1
117,1,D,6DoF,0.0,0.0,0.23706170916557312,4.261087417602539,4.185685634613037,0.07540194690227509,68.3243,2,unimanual,0.16134142191661877,1,1
118,2,A,4DoF,0.0,0.0,0.21851831674575806,4.518363952636719,4.124880313873291,0.3934841454029083,76.7299,2,unimanual,0.1694738488814726,1,1
118,2,A,6DoF,2.0,6.0,0.22464953362941742,4.238241672515869,4.101437568664551,0.13680444657802582,55.0296,1,bimanual,0.29087577241152374,0,0
118,2,B,4DoF,1.0,1.0,0.22235657274723053,4.625856399536133,4.125757217407227,0.5000987648963928,102.4959,2,unimanual,0.21468986097855638,1,0
118,2,B,6DoF,0.0,4.0,0.25687846541404724,4.311548233032227,4.016106128692627,0.2954421639442444,83.9813,1,bimanual,0.19056784453475245,0,0
118,2,C,4DoF,3.0,3.0,0.20367850363254547,4.867384433746338,4.165006637573242,0.7023778557777405,102.0285,2,unimanual,0.16665457604056175,0,0
118,2,C,6DoF,1.0,5.0,0.18962985277175903,4.38112735748291,4.222704887390137,0.15842179954051971,61.3146,1,bimanual,0.2120966899864258,0,0
118,2,D,4DoF,2.0,2.0,0.21849378943443298,4.33339786529541,4.1203227043151855,0.21307498216629028,82.3275,2,unimanual,0.1093495040999989,0,0
118,2,D,6DoF,3.0,7.0,0.20692628622055054,4.317895889282227,4.153027057647705,0.16486893594264984,67.8561,1,bimanual,0.14741978520937296,0,0
119,3,A,4DoF,3.0,7.0,0.24964268505573273,3.0336077213287354,3.024240732192993,0.009366840124130249,47.8431,2,bimanual,0.2927571871889455,0,0
119,3,A,6DoF,2.0,2.0,0.2232314944267273,3.2860405445098877,3.063786745071411,0.22225411236286163,56.0176,1,unimanual,0.16072863648540048,0,1
119,3,B,4DoF,2.0,6.0,0.24682529270648956,3.064823865890503,3.032139778137207,0.032684098929166794,59.6597,2,bimanual,0.3018179501195535,0,0
119,3,B,6DoF,0.0,0.0,0.2406584918498993,3.2476437091827393,3.037316083908081,0.21032777428627014,41.1802,1,unimanual,0.2684983133424134,0,0
119,3,C,4DoF,0.0,4.0,0.208867609500885,3.190434455871582,3.08593487739563,0.10449957102537155,30.6506,2,bimanual,0.29383245673317077,0,0
119,3,C,6DoF,1.0,1.0,0.2309556007385254,3.104635000228882,3.0520076751708984,0.05262761190533638,49.1316,1,unimanual,0.26566884174515815,0,0
119,3,D,4DoF,1.0,5.0,0.23113860189914703,3.1094613075256348,3.0522279739379883,0.0572332963347435,66.1794,2,bimanual,0.19650255680057563,0,0
119,3,D,6DoF,3.0,3.0,0.20720016956329346,3.288144588470459,3.0884063243865967,0.19973845779895782,37.9647,1,unimanual,0.21090539047814888,0,0
120,0,A,4DoF,3.0,3.0,0.23289984464645386,2.969465732574463,2.3441076278686523,0.6253582239151001,42.8242,1,unimanual,0.18691326757101534,0,0
120,0,A,6DoF,1.0,5.0,0.1708366572856903,3.3916327953338623,2.451742172241211,0.9398908019065857,73.4099,2,bimanual,0.13630422011495896,4,2
120,0,B,4DoF,2.0,2.0,0.24668961763381958,3.0627248287200928,2.334591865539551,0.7281326651573181,38.2487,1,unimanual,0.18312718444570017,1,0
120,0,B,6DoF,3.0,7.0,0.20847144722938538,3.1327147483825684,2.40230393409729,0.7304108738899231,77.274099,2,bimanual,0.10355718945787812,4,1
120,0,C,4DoF,0.0,0.0,0.19725386798381805,3.1733691692352295,2.4161596298217773,0.7572097778320312,55.6393,1,unimanual,0.16181782549206103,1,0
120,0,C,6DoF,2.0,6.0,0.1763395369052887,3.2889938354492188,2.446389675140381,0.842604398727417,54.7077,2,bimanual,0.1280063198548774,5,2
120,0,D,4DoF,1.0,1.0,0.20864495635032654,2.965902090072632,2.3804681301116943,0.5854337811470032,53.052,1,unimanual,0.16971237523783303,0,0
120,0,D,6DoF,0.0,4.0,0.15815195441246033,3.5843825340270996,2.473088026046753,1.1112946271896362,81.5603,2,bimanual,0.1716976110730242,0,3
121,1,A,4DoF,0.0,4.0,0.21992719173431396,3.086376667022705,2.9980812072753906,0.08829550445079803,41.2241,1,bimanual,0.1213506816267787,1,0
121,1,A,6DoF,1.0,1.0,0.2164672315120697,3.2390968799591064,3.0053470134735107,0.2337496280670166,60.4608,2,unimanual,0.08272968241729513,2,1
121,1,B,4DoF,1.0,5.0,0.2673466205596924,2.961991548538208,2.930539846420288,0.03145220875740051,45.4794,1,bimanual,0.1539943946040364,0,0
121,1,B,6DoF,3.0,3.0,0.2513844072818756,3.017521858215332,2.9574291706085205,0.06009272485971451,80.1066,2,unimanual,0.137357320083763,0,1
121,1,C,4DoF,3.0,7.0,0.1925802230834961,3.090252637863159,3.0440566539764404,0.04619599133729935,43.4015,1,bimanual,0.1383141806613723,1,0
121,1,C,6DoF,2.0,2.0,0.20010730624198914,3.1733102798461914,3.0334692001342773,0.13984113931655884,73.3525,2,unimanual,0.13636592979063739,0,0
121,1,D,4DoF,2.0,6.0,0.19411621987819672,2.997438669204712,3.0371947288513184,-0.03975613787770271,39.3149,1,bimanual,0.12724977604039417,0,0
121,1,D,6DoF,0.0,0.0,0.2087917923927307,3.159489393234253,3.012840509414673,0.14664852619171143,56.8285,2,unimanual,0.1408031765196623,1,1
122,2,A,4DoF,0.0,0.0,0.24266226589679718,3.8501639366149902,3.330608606338501,0.5195550918579102,53.7963,2,unimanual,0.185961056035645,3,1
122,2,A,6DoF,2.0,6.0,0.23654688894748688,3.8770675659179688,3.349233627319336,0.5278339385986328,70.8976,1,bimanual,0.18341608220426625,5,1
122,2,B,4DoF,1.0,1.0,0.2914223074913025,3.8001508712768555,3.222437620162964,0.5777131915092468,69.9779,2,unimanual,0.2144214124081383,4,1
122,2,B,6DoF,0.0,4.0,0.2692928910255432,4.053861618041992,3.2606120109558105,0.7932499051094055,46.8785,1,bimanual,0.19207908536207977,4,1
122,2,C,4DoF,3.0,3.0,0.22953268885612488,4.258662700653076,3.369713068008423,0.8889498710632324,74.3532,2,unimanual,0.09417462666487286,5,1
122,2,C,6DoF,1.0,5.0,0.2291291356086731,4.16719913482666,3.371070623397827,0.7961285710334778,54.7396,1,bimanual,0.1675054346207677,6,1
122,2,D,4DoF,2.0,2.0,0.23638856410980225,4.041121959686279,3.344266414642334,0.6968556642532349,61.9259,2,unimanual,0.19385073170574105,4,1
122,2,D,6DoF,3.0,7.0,0.20676125586032867,4.1713361740112305,3.4418952465057373,0.7294407486915588,49.309,1,bimanual,0.12173471975653055,6,1
124,0,A,4DoF,3.0,3.0,0.21865026652812958,3.0430171489715576,2.831439971923828,0.21157722175121307,71.5888,1,unimanual,0.18165101207560036,7,0
124,0,A,6DoF,1.0,5.0,0.22675274312496185,2.934112787246704,2.818577527999878,0.11553547531366348,24.1871,2,bimanual,0.2482899032910827,8,1
124,0,B,4DoF,2.0,2.0,0.2286873608827591,3.137906551361084,2.820347547531128,0.31755924224853516,92.7007,1,unimanual,0.18343020966072965,6,1
124,0,B,6DoF,3.0,7.0,0.21215949952602386,3.1267688274383545,2.853945016860962,0.2728240489959717,66.0458,2,bimanual,0.10602092853129208,6,1
124,0,C,4DoF,0.0,0.0,0.20888611674308777,3.348036289215088,2.8505685329437256,0.49746739864349365,88.6135,1,unimanual,0.15804975810540967,7,2
124,0,C,6DoF,2.0,6.0,0.2193755805492401,3.229889154434204,2.828796148300171,0.40109312534332275,150.3961,2,bimanual,0.15979868145244497,9,2
124,0,D,4DoF,1.0,1.0,0.20943263173103333,3.2047107219696045,2.8483169078826904,0.3563937246799469,102.8386,1,unimanual,0.15561553237532522,8,2
124,0,D,6DoF,0.0,4.0,0.21523882448673248,3.1784119606018066,2.836135149002075,0.34227657318115234,89.8126,2,bimanual,0.06682258603407952,8,1
125,1,A,4DoF,0.0,4.0,0.2499629259109497,4.123043060302734,3.747559070587158,0.37548428773880005,57.4391,1,bimanual,0.17416717610565677,0,0
125,1,A,6DoF,1.0,1.0,0.2325611710548401,4.002073764801025,3.7932960987091064,0.20877781510353088,90.633,2,unimanual,0.1986485278488682,2,1
125,1,B,4DoF,1.0,5.0,0.2416132241487503,4.031860828399658,3.7992160320281982,0.23264440894126892,53.1748,1,bimanual,0.15050805876587153,1,0
125,1,B,6DoF,3.0,3.0,0.2535947263240814,4.052145957946777,3.7526156902313232,0.2995304763317108,121.7982,2,unimanual,0.12317839680852985,2,2
125,1,C,4DoF,3.0,7.0,0.22482584416866302,4.150774002075195,3.829059600830078,0.3217141330242157,55.8057,1,bimanual,0.16140139450804855,1,0
125,1,C,6DoF,2.0,2.0,0.20605409145355225,4.277943134307861,3.870659112930298,0.4072844386100769,72.2416,2,unimanual,0.1523113243469652,3,1
125,1,D,4DoF,2.0,6.0,0.20116068422794342,4.222321033477783,3.8898723125457764,0.332448273897171,55.0398,1,bimanual,0.14540484343533483,0,0
125,1,D,6DoF,0.0,0.0,0.21529263257980347,4.267994403839111,3.843738317489624,0.424255907535553,114.8902,2,unimanual,0.11317466245656922,2,1
126,2,A,4DoF,0.0,0.0,0.23813854157924652,3.169914960861206,2.338660717010498,0.8312544226646423,88.5911,2,unimanual,0.15806938568591386,1,0
126,2,A,6DoF,2.0,6.0,0.19080372154712677,3.304265022277832,2.4327704906463623,0.8714947700500488,96.3982,1,bimanual,0.1763931949580599,3,2
126,2,B,4DoF,1.0,1.0,0.24799294769763947,3.0878822803497314,2.373462438583374,0.7144200801849365,112.1131,2,unimanual,0.18734777992880786,2,0
126,2,B,6DoF,0.0,4.0,0.2714059054851532,2.8654797077178955,2.318986415863037,0.5464932918548584,76.4192,1,bimanual,0.17016263621191793,3,2
126,2,C,4DoF,3.0,3.0,0.19457748532295227,3.5001142024993896,2.418257236480713,1.0818569660186768,105.5824,2,unimanual,0.1516836410141189,3,0
126,2,C,6DoF,1.0,5.0,0.18829332292079926,3.3702893257141113,2.4639077186584473,0.9063816666603088,83.9043,1,bimanual,0.1549794294611127,3,2
126,2,D,4DoF,2.0,2.0,0.21329356729984283,3.396280527114868,2.376110553741455,1.0201703310012817,117.2547,2,unimanual,0.15356907323623786,2,0
126,2,D,6DoF,3.0,7.0,0.17126114666461945,3.5647826194763184,2.4637715816497803,1.101011037826538,88.0018,1,bimanual,0.1477613585861284,4,1
127,3,A,4DoF,3.0,7.0,0.2281402200460434,3.4629149436950684,3.420362710952759,0.04255225509405136,37.6588,2,bimanual,0.2923487029019595,2,1
127,3,A,6DoF,2.0,2.0,0.2198811024427414,3.7703843116760254,3.432532548904419,0.33785170316696167,49.676,1,unimanual,0.14097782217460306,5,2
127,3,B,4DoF,2.0,6.0,0.225301593542099,3.5211122035980225,3.4456348419189453,0.0754774659872055,64.0798,2,bimanual,0.20294076783420054,3,1
127,3,B,6DoF,0.0,0.0,0.25370463728904724,3.9791152477264404,3.357501745223999,0.6216132044792175,43.5791,1,unimanual,0.2984697684563373,4,3
127,3,C,4DoF,0.0,4.0,0.21512269973754883,3.9690678119659424,3.439689874649048,0.5293781757354736,48.332999,2,bimanual,0.20699690953614064,3,1
127,3,C,6DoF,1.0,1.0,0.21740272641181946,3.9931724071502686,3.445497989654541,0.5476747751235962,52.4864,1,unimanual,0.2097143499903722,4,2
127,3,D,4DoF,1.0,5.0,0.24407526850700378,3.6145553588867188,3.3720109462738037,0.2425442785024643,44.1447,2,bimanual,0.15864669833556952,3,1
127,3,D,6DoF,3.0,3.0,0.21144509315490723,3.906057834625244,3.4505302906036377,0.45552733540534973,55.4064,1,unimanual,0.23472525409008757,4,2
128,0,A,4DoF,3.0,3.0,0.24962042272090912,4.004538059234619,2.9906582832336426,1.013879418373108,50.9978,1,unimanual,0.09808575834023203,0,0
128,0,A,6DoF,1.0,5.0,0.2336093634366989,3.8893961906433105,3.0181281566619873,0.871268093585968,56.2385,2,bimanual,0.14230343004630197,1,0
128,0,B,6DoF,3.0,7.0,0.24999210238456726,3.9233295917510986,3.0186703205108643,0.9046590924263,70.166,2,bimanual,0.07128173106258251,1,0
128,0,C,4DoF,0.0,0.0,0.23503825068473816,3.9462087154388428,3.019073724746704,0.9271350502967834,47.3558,1,unimanual,0.19040889251841148,2,0
128,0,C,6DoF,2.0,6.0,0.21923662722110748,3.8277080059051514,3.0476267337799072,0.7800809144973755,55.24,2,bimanual,0.10866002270994475,1,0
128,0,D,4DoF,1.0,1.0,0.22293482720851898,4.037741661071777,3.0323760509490967,1.0053656101226807,55.8284,1,unimanual,0.14357836776522065,1,0
128,0,D,6DoF,0.0,4.0,0.2050463855266571,4.0339555740356445,3.0705175399780273,0.9634385704994202,67.8457,2,bimanual,0.044232651953903676,0,1
131,3,A,4DoF,3.0,7.0,0.22419941425323486,2.8150906562805176,2.4388091564178467,0.3762816786766052,62.1256,2,bimanual,0.22543012873670568,1,0
131,3,A,6DoF,2.0,2.0,0.22758235037326813,3.031062126159668,2.437235116958618,0.5938265323638916,56.8609,1,unimanual,0.10578596326053497,1,1
131,3,B,4DoF,2.0,6.0,0.28217950463294983,2.851039171218872,2.3820111751556396,0.4690280556678772,78.2621,2,bimanual,0.16615456976191328,1,0
131,3,B,6DoF,0.0,0.0,0.24501927196979523,3.011364221572876,2.4163546562194824,0.595009446144104,111.0696,1,unimanual,0.13507781833114058,2,2
131,3,C,4DoF,0.0,4.0,0.21034114062786102,3.0353167057037354,2.4639647006988525,0.5713517069816589,66.445,2,bimanual,0.2408804179275251,1,0
131,3,C,6DoF,1.0,1.0,0.20760275423526764,3.049837827682495,2.4682962894439697,0.5815413594245911,80.0166,1,unimanual,0.08750590664869878,2,1
131,3,D,4DoF,1.0,5.0,0.220623180270195,2.976060152053833,2.447484254837036,0.5285757780075073,84.7146,2,bimanual,0.2125908087544895,0,0
131,3,D,6DoF,3.0,3.0,0.20888034999370575,3.1256279945373535,2.4659957885742188,0.6596320867538452,63.0348,1,unimanual,0.19043115199738475,0,1
132,0,A,4DoF,3.0,3.0,0.2249738723039627,4.084012508392334,3.3085882663726807,0.7754248976707458,159.5133,1,unimanual,0.18182958179196188,3,1
132,0,A,6DoF,1.0,5.0,0.25286829471588135,3.3797593116760254,3.2566094398498535,0.12314984202384949,46.5337,2,bimanual,0.2803778630893327,2,1
132,0,B,4DoF,2.0,2.0,0.2675778865814209,4.101216793060303,3.2316105365753174,0.8696057200431824,97.7192,1,unimanual,0.1842412331879875,4,1
132,0,B,6DoF,3.0,7.0,0.194115549325943,4.26383638381958,3.4861128330230713,0.7777234315872192,126.9825,2,bimanual,0.17328101296929618,3,2
132,0,C,4DoF,0.0,0.0,0.25142067670822144,3.9451634883880615,3.249884843826294,0.6952787041664124,56.185,1,unimanual,0.23147241382994257,3,2
132,0,C,6DoF,2.0,6.0,0.22008730471134186,3.994748592376709,3.315978765487671,0.6787693500518799,52.4061,2,bimanual,0.15274463007159905,2,1
132,0,D,4DoF,1.0,1.0,0.20993608236312866,4.30086612701416,3.3440284729003906,0.9568375945091248,78.44,1,unimanual,0.19128261368563337,2,1
132,0,D,6DoF,0.0,4.0,0.2271054983139038,4.119330883026123,3.300457715988159,0.8188732862472534,91.7007,2,bimanual,0.19633936167891972,2,1
133,1,A,4DoF,0.0,4.0,0.2329694628715515,3.4824001789093018,3.280208110809326,0.20219245553016663,40.0474,1,bimanual,0.14990293784774358,4,0
133,1,A,6DoF,1.0,1.0,0.2354663461446762,3.458576202392578,3.2745769023895264,0.1839994639158249,56.173,2,unimanual,0.12466474089324069,2,2
133,1,B,4DoF,1.0,5.0,0.24744220077991486,3.4882795810699463,3.2565550804138184,0.23172397911548615,39.5693,1,bimanual,0.10114112473987767,5,0
133,1,B,6DoF,3.0,3.0,0.27740004658699036,3.430454969406128,3.2042789459228516,0.22617579996585846,84.7256,2,unimanual,0.18889286350955858,4,2
133,1,C,4DoF,3.0,7.0,0.21764937043190002,3.409525156021118,3.314091920852661,0.09543334692716599,44.3788,1,bimanual,0.15781013637050212,5,0
133,1,C,6DoF,2.0,2.0,0.2121129035949707,3.5231902599334717,3.3275954723358154,0.1955944150686264,54.296699,2,unimanual,0.1474024011851153,2,2
133,1,D,4DoF,2.0,6.0,0.2104884386062622,3.454728603363037,3.32796573638916,0.12676288187503815,42.4348,1,bimanual,0.23577454295104847,5,0
133,1,D,6DoF,0.0,0.0,0.2225763350725174,3.6478469371795654,3.302170515060425,0.3456762731075287,60.8935,2,unimanual,0.11499861180247181,2,2
134,2,A,4DoF,0.0,0.0,0.20665539801120758,3.486302375793457,3.0743730068206787,0.4119293689727783,73.3543,2,unimanual,0.21864733824196608,1,0
134,2,A,6DoF,2.0,6.0,0.20574027299880981,3.305712938308716,3.0742907524108887,0.2314223349094391,75.9642,1,bimanual,0.1843524291724551,1,2
134,2,B,4DoF,1.0,1.0,0.25506600737571716,3.2239866256713867,2.9735679626464844,0.2504187822341919,93.2997,2,unimanual,0.17210648658591288,0,0
134,2,B,6DoF,0.0,4.0,0.22678235173225403,3.2967605590820312,3.0351390838623047,0.2616215944290161,113.8012,1,bimanual,0.21093745880127757,2,3
134,2,C,4DoF,3.0,3.0,0.21284723281860352,3.2578864097595215,3.0596981048583984,0.1981879323720932,67.0241,2,unimanual,0.11940049013901201,0,0
134,2,C,6DoF,1.0,5.0,0.21082620322704315,3.613952875137329,3.06288743019104,0.5510652661323547,84.671,1,bimanual,0.16538923174339154,1,2
134,2,D,4DoF,2.0,2.0,0.22410425543785095,3.112410306930542,3.031872272491455,0.08053816854953766,51.5196,2,unimanual,0.29127684116091296,0,0
134,2,D,6DoF,3.0,7.0,0.20054367184638977,3.3580281734466553,3.084848165512085,0.2731800079345703,57.3845,1,bimanual,0.2789341924506461,1,2
135,3,A,4DoF,3.0,7.0,0.23880425095558167,3.9586997032165527,3.4636363983154297,0.49506306648254395,46.3439,2,bimanual,0.1727018777011653,0,0
135,3,A,6DoF,2.0,2.0,0.2319345772266388,4.208913326263428,3.4896833896636963,0.7192299365997314,69.178,1,unimanual,0.17351772483559194,0,0
135,3,B,4DoF,2.0,6.0,0.24972239136695862,4.020714282989502,3.455925941467285,0.5647890567779541,58.7057,2,bimanual,0.1363249851320563,0,0
135,3,B,6DoF,0.0,0.0,0.26491570472717285,4.026549339294434,3.4139246940612793,0.61262446641922,74.7637,1,unimanual,0.13379376226721557,0,1
135,3,C,4DoF,0.0,4.0,0.21647895872592926,4.246092796325684,3.5217113494873047,0.7243813872337341,46.5223,2,bimanual,0.15053860562541266,0,0
135,3,C,6DoF,1.0,1.0,0.2126682549715042,4.190617084503174,3.5545177459716797,0.6360997557640076,48.5876,1,unimanual,0.18531139520949455,0,1
135,3,D,4DoF,1.0,5.0,0.24831338226795197,4.1667585372924805,3.441190004348755,0.7255685925483704,51.1867,2,bimanual,0.21499155669522796,0,0
135,3,D,6DoF,3.0,3.0,0.21831244230270386,4.227319240570068,3.515557050704956,0.7117622494697571,61.004,1,unimanual,0.13118625168082385,0,1
136,0,A,4DoF,3.0,3.0,0.21807517111301422,3.5427422523498535,3.0812628269195557,0.461479514837265,104.9155,1,unimanual,0.17160082597197568,8,1
136,0,A,6DoF,1.0,5.0,0.2319461852312088,3.420154571533203,3.051800489425659,0.3683541715145111,96.488,2,bimanual,0.15549842428263394,8,2
136,0,B,4DoF,2.0,2.0,0.24147124588489532,3.4291348457336426,3.0446441173553467,0.38449063897132874,116.744,1,unimanual,0.13707913492784926,8,0
136,0,B,6DoF,3.0,7.0,0.23879727721214294,3.300053596496582,3.0634658336639404,0.2365877479314804,172.9384,2,bimanual,0.11574395585062548,7,2
136,0,C,4DoF,0.0,0.0,0.2033349871635437,3.627169609069824,3.1166603565216064,0.5105094313621521,94.2557,1,unimanual,0.08489667014035542,8,1
136,0,C,6DoF,2.0,6.0,0.2084977626800537,3.518664836883545,3.1122472286224365,0.40641769766807556,92.5484,2,bimanual,0.17324154418850413,7,1
136,0,D,4DoF,1.0,1.0,0.21262754499912262,3.486405611038208,3.0893726348876953,0.3970334827899933,84.8817,1,unimanual,0.09427358666217296,7,1
136,0,D,6DoF,0.0,4.0,0.22365808486938477,3.5886361598968506,3.0629310607910156,0.5257049798965454,91.7668,2,bimanual,0.13079674839283495,8,1
137,1,A,4DoF,0.0,4.0,0.21704846620559692,2.619126558303833,2.2414824962615967,0.37764397263526917,44.5794,1,bimanual,0.1571056647813987,7,0
137,1,A,6DoF,1.0,1.0,0.2243579924106598,2.674234390258789,2.233644962310791,0.44058936834335327,135.7777,2,unimanual,0.10327766421333033,5,1
137,1,B,4DoF,1.0,5.0,0.23394791781902313,2.5487334728240967,2.2233517169952393,0.32538169622421265,59.1717,1,bimanual,0.1521575946927431,7,0
137,1,B,6DoF,3.0,3.0,0.28117769956588745,2.5414254665374756,2.1701202392578125,0.3713054955005646,122.9184,2,unimanual,0.0733318829916475,7,0
137,1,C,4DoF,3.0,7.0,0.23476126790046692,2.4487240314483643,2.20967698097229,0.23904742300510406,58.5383,1,bimanual,0.19570759861439022,7,0
137,1,C,6DoF,2.0,2.0,0.2244296818971634,2.6196393966674805,2.2197887897491455,0.3998507559299469,62.8032,2,unimanual,0.11792393232513987,6,0
137,1,D,4DoF,2.0,6.0,0.1959857940673828,2.7810280323028564,2.270536184310913,0.5104919075965881,62.547,1,bimanual,0.1439412719610399,8,0
137,1,D,6DoF,0.0,0.0,0.2109723687171936,2.8118135929107666,2.2432990074157715,0.568514347076416,86.8478,2,unimanual,0.11517592546735511,4,1
139,3,A,4DoF,3.0,7.0,0.23803609609603882,3.6142821311950684,3.592195510864258,0.022086739540100098,50.9758,2,bimanual,0.13737935149095848,1,0
139,3,A,6DoF,2.0,2.0,0.2230522334575653,3.7130796909332275,3.617133378982544,0.09594643115997314,41.847,1,unimanual,0.26300374182596326,1,0
139,3,B,4DoF,2.0,6.0,0.2688341736793518,3.6634960174560547,3.546557903289795,0.11693844199180603,61.4824,2,bimanual,0.17933593533472236,1,0
139,3,B,6DoF,0.0,0.0,0.25721243023872375,3.9418673515319824,3.5618221759796143,0.38004523515701294,54.484,1,unimanual,0.18360785768187735,1,1
139,3,C,4DoF,0.0,4.0,0.2292715311050415,3.6998424530029297,3.6062426567077637,0.09359976649284363,52.3642,2,bimanual,0.27285714564139946,1,0
139,3,C,6DoF,1.0,1.0,0.23464757204055786,3.7039248943328857,3.5982067584991455,0.10571815818548203,48.5214,1,unimanual,0.1722044755943207,1,0
139,3,D,4DoF,1.0,5.0,0.23179779946804047,3.6173653602600098,3.601738214492798,0.015627197921276093,44.1018,2,bimanual,0.2722452748429485,0,0
139,3,D,6DoF,3.0,3.0,0.21841327846050262,3.921783208847046,3.6250224113464355,0.29676100611686707,47.2888,1,unimanual,0.08534917414005372,1,0
140,0,A,4DoF,3.0,3.0,0.24646814167499542,3.393477439880371,3.1404404640197754,0.25303715467453003,60.2716,1,unimanual,0.14951730828973797,1,0
140,0,A,6DoF,1.0,5.0,0.22767731547355652,3.409865379333496,3.1791648864746094,0.23070038855075836,62.7257,2,bimanual,0.12758254989673787,1,0
140,0,B,4DoF,2.0,2.0,0.25006991624832153,3.299126386642456,3.1399121284484863,0.1592140942811966,44.3898,1,unimanual,0.24792810986370717,1,0
140,0,B,6DoF,3.0,7.0,0.2141765058040619,3.3010754585266113,3.237173557281494,0.06390157341957092,69.1785,2,bimanual,0.1301405517959396,1,0
140,0,C,4DoF,0.0,0.0,0.2191685289144516,3.3936407566070557,3.213005542755127,0.1806352138519287,43.1244,1,unimanual,0.18560882013113264,1,0
140,0,C,6DoF,2.0,6.0,0.22526173293590546,3.329343557357788,3.1796422004699707,0.14970164000988007,67.735399,2,bimanual,0.16245418053680769,2,1
140,0,D,4DoF,1.0,1.0,0.21997062861919403,3.2086262702941895,3.18761944770813,0.0210065096616745,38.259,1,unimanual,0.1577851177076978,1,0
140,0,D,6DoF,0.0,4.0,0.22959594428539276,3.2852671146392822,3.167904853820801,0.11736196279525757,57.4508,2,bimanual,0.22636765241072843,1,1
141,1,A,4DoF,0.0,4.0,0.23330329358577728,3.9830596446990967,3.330437660217285,0.6526226997375488,34.5395,1,bimanual,0.23177522438738912,1,0
141,1,A,6DoF,1.0,1.0,0.23120006918907166,4.073331356048584,3.339834451675415,0.7334967255592346,38.7036,2,unimanual,0.10340914085100553,1,1
141,1,B,4DoF,1.0,5.0,0.26219379901885986,3.95078182220459,3.3194615840911865,0.6313202977180481,37.1158,1,bimanual,0.18871688692623328,1,0
141,1,B,6DoF,3.0,3.0,0.27226075530052185,3.9538543224334717,3.29567813873291,0.6581764221191406,69.1651,2,unimanual,0.21693573929530593,1,1
141,1,C,4DoF,3.0,7.0,0.2022528350353241,4.256631851196289,3.4013900756835938,0.8552412390708923,42.2469,1,bimanual,0.21314942485180194,2,0
141,1,C,6DoF,2.0,2.0,0.21658135950565338,4.3522419929504395,3.3642053604125977,0.988036572933197,52.9754,2,unimanual,0.19260326794972416,1,1
141,1,D,4DoF,2.0,6.0,0.2171856015920639,4.113403797149658,3.3693203926086426,0.7440829873085022,51.3539,1,bimanual,0.1948132909419612,2,0
141,1,D,6DoF,0.0,0.0,0.21958309412002563,4.211083889007568,3.3573830127716064,0.8537009954452515,49.3196,2,unimanual,0.22313052121261298,0,0
142,2,A,4DoF,0.0,0.0,0.2246401607990265,4.283652305603027,4.056959629058838,0.22669269144535065,63.8022,2,unimanual,0.2665408175904397,4,2
142,2,A,6DoF,2.0,6.0,0.21615424752235413,4.387784004211426,4.073054313659668,0.3147294223308563,51.7404,1,bimanual,0.15467904098994587,8,2
142,2,B,4DoF,1.0,1.0,0.24291430413722992,4.055230617523193,4.0218353271484375,0.03339545801281929,73.6645,2,unimanual,0.17652706091948872,6,2
142,2,B,6DoF,0.0,4.0,0.2412661612033844,4.278474807739258,4.030460834503174,0.24801433086395264,63.9009,1,bimanual,0.15654278392556079,8,2
142,2,C,4DoF,3.0,3.0,0.21628861129283905,4.10727596282959,4.072612285614014,0.03466365486383438,53.5856,2,unimanual,0.2427057584741649,7,2
142,2,C,6DoF,1.0,5.0,0.23766957223415375,4.267001152038574,4.026106834411621,0.24089428782463074,55.25,1,bimanual,0.2025995776924358,8,2
142,2,D,4DoF,2.0,2.0,0.24939586222171783,4.071927070617676,4.0002055168151855,0.07172159850597382,46.9101,2,unimanual,0.2985800386447879,7,2
142,2,D,6DoF,3.0,7.0,0.1985786259174347,4.5214409828186035,4.1113433837890625,0.41009801626205444,43.3471,1,bimanual,0.06924744188408441,10,2
143,3,A,4DoF,3.0,7.0,0.2461199313402176,3.4914450645446777,3.2068283557891846,0.2846165597438812,52.153,2,bimanual,0.1726436539070218,6,0
143,3,A,6DoF,2.0,2.0,0.21991129219532013,4.0549468994140625,3.26548433303833,0.7894624471664429,55.7517,1,unimanual,0.17944075494314418,1,0
143,3,B,4DoF,2.0,6.0,0.22355850040912628,3.465660810470581,3.2792768478393555,0.18638446927070618,62.8483,2,bimanual,0.1591687570830097,5,0
143,3,B,6DoF,0.0,0.0,0.2505106031894684,3.91652512550354,3.200389862060547,0.716135561466217,50.5528,1,unimanual,0.13852800145652297,1,0
143,3,C,4DoF,0.0,4.0,0.2324390858411789,3.6888866424560547,3.237759828567505,0.45112690329551697,57.9834,2,bimanual,0.18977820104067464,2,0
143,3,C,6DoF,1.0,1.0,0.22827909886837006,3.6989917755126953,3.2516140937805176,0.4473775327205658,45.8007,1,unimanual,0.26379771990837425,1,0
143,3,D,4DoF,1.0,5.0,0.22977764904499054,3.7615091800689697,3.237122058868408,0.5243868827819824,64.9584,2,bimanual,0.16939912590051034,3,0
143,3,D,6DoF,3.0,3.0,0.2063528448343277,4.158756256103516,3.3003275394439697,0.8584288954734802,43.5341,1,unimanual,0.22981584856054843,1,0
145,1,A,4DoF,0.0,4.0,0.2654924988746643,3.5586891174316406,3.0556554794311523,0.5030338168144226,46.3898,1,bimanual,0.25881145154402596,0,0
145,1,A,6DoF,1.0,1.0,0.2359265834093094,3.8737151622772217,3.1194803714752197,0.7542350888252258,67.9897,2,unimanual,0.2354024720202093,0,0
145,1,B,4DoF,1.0,5.0,0.29479289054870605,3.6466164588928223,3.011615753173828,0.6350011825561523,42.9689,1,bimanual,0.2561362085787002,0,0
145,1,B,6DoF,3.0,3.0,0.21639983355998993,3.9595742225646973,3.2023489475250244,0.7572250962257385,50.1647,2,unimanual,0.27920259738187736,0,0
145,1,C,4DoF,3.0,7.0,0.21472054719924927,3.72796630859375,3.182640314102173,0.545325756072998,55.8854,1,bimanual,0.19695507454749572,0,0
145,1,C,6DoF,2.0,2.0,0.21209648251533508,4.000694751739502,3.17966890335083,0.8210259079933167,46.055,2,unimanual,0.23895900766841177,2,0
145,1,D,4DoF,2.0,6.0,0.22066879272460938,3.8370964527130127,3.1591713428497314,0.6779249906539917,49.4435,1,bimanual,0.2023414957892735,0,0
145,1,D,6DoF,0.0,0.0,0.22901314496994019,4.164926052093506,3.1365482807159424,1.0283775329589844,108.636399,2,unimanual,0.23937673663219028,1,2
146,2,A,4DoF,0.0,0.0,0.24877239763736725,3.947882652282715,3.163839340209961,0.7840433716773987,141.2114,2,unimanual,0.11332456012363709,3,1
146,2,A,6DoF,2.0,6.0,0.24252116680145264,3.8387959003448486,3.1786258220672607,0.6601700782775879,81.0511,1,bimanual,0.16083455815035308,2,1
146,2,B,4DoF,1.0,1.0,0.2729625105857849,3.8985917568206787,3.1334388256073,0.765152633190155,147.351,2,unimanual,0.08144980655670941,2,1
146,2,B,6DoF,0.0,4.0,0.24196475744247437,3.945467710494995,3.193763494491577,0.7517042756080627,143.5093,1,bimanual,0.14635543602420578,1,1
146,2,C,4DoF,3.0,3.0,0.2143794298171997,3.7638168334960938,3.232465982437134,0.5313510298728943,103.906,2,unimanual,0.16394217277383405,0,0
146,2,C,6DoF,1.0,5.0,0.2222372442483902,3.8641607761383057,3.219989538192749,0.644170880317688,162.9766,1,bimanual,0.12138643755721933,5,1
146,2,D,4DoF,2.0,2.0,0.23028118908405304,3.765164613723755,3.1986052989959717,0.5665593147277832,146.1304,2,unimanual,0.1368961936697831,1,0
146,2,D,6DoF,3.0,7.0,0.21828125417232513,3.8594894409179688,3.2238969802856445,0.6355926394462585,212.1094,1,bimanual,0.15092054457792003,2,1
147,3,A,4DoF,3.0,7.0,0.2541343569755554,2.8520586490631104,3.2063817977905273,-0.35432296991348267,32.495899,2,bimanual,0.21555573347457363,9,0
147,3,A,6DoF,2.0,2.0,0.2215704768896103,3.610151767730713,3.2919764518737793,0.31817519664764404,77.1746,1,unimanual,0.2592302158739623,5,1
147,3,B,4DoF,2.0,6.0,0.24879120290279388,3.050909996032715,3.2319445610046387,-0.18103459477424622,66.29,2,bimanual,0.2716243133940967,9,0
147,3,B,6DoF,0.0,0.0,0.2370871603488922,3.8961966037750244,3.2586586475372314,0.6375375986099243,131.0815,1,unimanual,0.26705570324159844,3,1
147,3,C,4DoF,0.0,4.0,0.22012022137641907,3.3254916667938232,3.2927918434143066,0.03269975259900093,48.8764,2,bimanual,0.28656872839220615,9,0
147,3,C,6DoF,1.0,1.0,0.23928964138031006,3.723414659500122,3.2527823448181152,0.4706326723098755,86.4585,1,unimanual,0.13882975769579622,3,1
147,3,D,4DoF,1.0,5.0,0.22564764320850372,3.2325541973114014,3.278958797454834,-0.0464046373963356,59.4161,2,bimanual,0.25331077178725947,8,0
147,3,D,6DoF,3.0,3.0,0.21800342202186584,3.392235279083252,3.2994472980499268,0.09278766810894012,73.9515,1,unimanual,0.2029522791540949,7,1
149,1,A,4DoF,0.0,4.0,0.20658305287361145,4.518403053283691,3.9028029441833496,0.6155999302864075,45.8454,1,bimanual,0.2400635513692352,1,0
149,1,A,6DoF,1.0,1.0,0.22755956649780273,4.809906005859375,3.8644449710845947,0.9454607963562012,50.3763,2,unimanual,0.11915802936451038,2,2
149,1,B,4DoF,1.0,5.0,0.2542913854122162,4.435152053833008,3.824558973312378,0.6105928421020508,46.121799,1,bimanual,0.2386163721200631,1,0
149,1,B,6DoF,3.0,3.0,0.2454163283109665,4.517929553985596,3.8475708961486816,0.6703585386276245,75.7743,2,unimanual,0.19801117575075938,1,2
149,1,C,4DoF,3.0,7.0,0.20977263152599335,4.52239990234375,3.9109835624694824,0.6114159822463989,44.9334,1,bimanual,0.24492176976017704,1,0
149,1,C,6DoF,2.0,2.0,0.21050480008125305,4.735389709472656,3.9068875312805176,0.8285019993782043,71.3219,2,unimanual,0.12622827120564828,2,2
149,1,D,4DoF,2.0,6.0,0.21691179275512695,4.532409191131592,3.873535394668579,0.6588739156723022,37.5156,1,bimanual,0.2400403267748982,1,0
149,1,D,6DoF,0.0,0.0,0.2233898639678955,4.741806983947754,3.8694097995758057,0.8723974823951721,50.2986,2,unimanual,0.19889968693189275,2,3
150,2,A,4DoF,0.0,0.0,0.20040281116962433,3.3442864418029785,3.024660348892212,0.31962597370147705,121.0423,2,unimanual,0.09089459284593449,5,0
150,2,A,6DoF,2.0,6.0,0.23998653888702393,3.1895158290863037,2.9401066303253174,0.24940942227840424,56.6953,1,bimanual,0.10587276211449081,5,1
150,2,B,4DoF,1.0,1.0,0.2348470836877823,3.2846949100494385,2.9666800498962402,0.31801506876945496,150.1718,2,unimanual,0.09324027953435805,3,0
150,2,B,6DoF,0.0,4.0,0.2517070174217224,3.1837193965911865,2.927807092666626,0.25591224431991577,50.6527,1,bimanual,0.17775600815307557,5,1
150,2,C,4DoF,3.0,3.0,0.18707269430160522,3.4490466117858887,3.052690029144287,0.3963565528392792,119.4989,2,unimanual,0.09206939353890477,3,0
150,2,C,6DoF,1.0,5.0,0.23078273236751556,3.147895097732544,2.9633498191833496,0.1845453828573227,50.0098,1,bimanual,0.14003276766763423,5,1
150,2,D,4DoF,2.0,2.0,0.2129794806241989,3.25071120262146,2.9927761554718018,0.25793522596359253,91.0677,2,unimanual,0.07688446571337251,3,0
150,2,D,6DoF,3.0,7.0,0.2263919711112976,3.2253732681274414,2.9651553630828857,0.2602180242538452,51.8534,1,bimanual,0.11576329493207588,5,1
151,3,A,4DoF,3.0,7.0,0.2289154827594757,2.6284828186035156,2.860217332839966,-0.23173443973064423,85.6579,2,bimanual,0.17515916129122663,0,0
151,3,A,6DoF,2.0,2.0,0.2305535078048706,2.7830801010131836,2.85807728767395,-0.07499731332063675,47.1105,1,unimanual,0.1274182930196012,2,1
151,3,B,4DoF,2.0,6.0,0.23591163754463196,2.8504204750061035,2.862766742706299,-0.01234634779393673,90.4346,2,bimanual,0.16590644646088368,0,0
151,3,B,6DoF,0.0,0.0,0.2633994519710541,2.7459261417388916,2.8301284313201904,-0.08420252799987793,163.843099,1,unimanual,0.11598052992114544,2,1
151,3,C,4DoF,0.0,4.0,0.2252676635980606,2.8100502490997314,2.864011287689209,-0.053960856050252914,56.2398,2,bimanual,0.19567104495453316,0,0
151,3,C,6DoF,1.0,1.0,0.22465448081493378,2.7961621284484863,2.8670334815979004,-0.07087147235870361,67.6787,1,unimanual,0.17334272535736178,2,1
151,3,D,4DoF,1.0,5.0,0.22340767085552216,2.685448169708252,2.8654263019561768,-0.1799778789281845,72.1988,2,bimanual,0.1801160224286013,0,0
151,3,D,6DoF,3.0,3.0,0.22176751494407654,2.766806125640869,2.868011236190796,-0.10120516270399094,47.5992,1,unimanual,0.14712620485852765,0,0
